{
  "materialproperties": {
    "eyes_saturation": 1.0,
    "eyes_value": 1.0,
    "skin_reflection": 0.9,
    "skin_age": 0.2,
    "skin_fresnel": 1.0,
    "eyes_hue": 0.5,
    "skin_complexion": 0.65,
    "skin_bump": 0.5,
    "skin_oil": 0.75,
    "skin_sss": 1.0
  },
  "metaproperties": {
    "last_character_age": 0.0,
    "character_tone": 0.0,
    "last_character_mass": 0.0,
    "character_mass": 0.0,
    "character_age": 0.0,
    "last_character_tone": 0.0
  },
  "manuellab_vers": [1, 6, 0],
  "structural": {
    "Legs_LowerlegsMass": 1.0,
    "Torso_Vshape": 0.91,
    "Shoulders_Tone": 1.0,
    "Torso_SizeX": 0.49,
    "Legs_LowerlegsTone": 0.44,
    "Feet_Size": 1.0,
    "Hands_Size": 1.0,
    "Shoulders_Size": 0.83,
    "Pelvis_GluteusTone": 0.38,
    "Neck_TrapeziousSize": 1.0,
    "Pelvis_GluteusMass": 1.0,
    "Torso_Tone": 0.29,
    "Wrists_Size": 1.0,
    "Shoulders_Mass": 0.46,
    "Legs_UpperlegsMass": 1.0,
    "Eyes_SizeZ": 0.17,
    "Jaw_Prominence": 0.53,
    "Torso_BreastMass": 0.56,
    "Legs_UpperlegSize": 1.0,
    "Pelvis_GluteusSize": 0.83,
    "Legs_UpperlegsTone": 0.38,
    "Neck_Mass": 0.77,
    "Head_Size": 0.29,
    "Neck_Size": 0.77,
    "Legs_LowerlegSize": 1.0,
    "Arms_UpperarmMass": 1.0,
    "Arms_ForearmSize": 1.0,
    "Arms_ForearmMass": 1.0,
    "Shoulders_SizeX": 0.77,
    "Torso_Mass": 1.0,
    "Eyebrows_Angle": 0.68,
    "Cheeks_Mass": 0.86
  }
}
