{
  "manuellab_vers": [1, 5, 0],
  "materialproperties": {
    "skin_age": 0.2,
    "skin_reflection": 0.9,
    "skin_sss": 1.0,
    "eyes_value": 0.5,
    "eyes_saturation": 1.0,
    "skin_bump": 0.5,
    "skin_oil": 0.1,
    "eyes_hue": 0.5,
    "skin_complexion": 0.1,
    "skin_fresnel": 1.0
  },
  "structural": {
    "Head_Size": 0.38,
    "Legs_UpperlegsMass": 0.67,
    "Arms_ForearmMass": 1.0,
    "Legs_LowerlegsTone": 1.0,
    "Torso_BreastMass": 0.71,
    "Legs_LowerlegLength": 0.98,
    "Neck_Mass": 1.0,
    "Jaw_Prominence": 0.83,
    "Legs_UpperlegsTone": 1.0,
    "Shoulders_Tone": 1.0,
    "Torso_Vshape": 0.89,
    "Legs_LowerlegsMass": 1.0,
    "Arms_ForearmTone": 1.0,
    "Abdomen_Mass": 0.77,
    "Neck_Tone": 1.0,
    "Pelvis_GluteusTone": 1.0,
    "Eyebrows_Angle": 0.71,
    "Arms_UpperarmLength": 0.8,
    "Arms_UpperarmTone": 1.0,
    "Torso_Mass": 0.49,
    "Torso_Tone": 1.0,
    "Legs_UpperlegLength": 0.73,
    "Pelvis_GluteusMass": 1.0,
    "Feet_Size": 0.98,
    "Chin_Prominence": 0.77,
    "Shoulders_Mass": 1.0,
    "Nose_SizeY": 0.59,
    "Chin_Cleft": 0.98,
    "Eyelids_Angle": 0.29,
    "Arms_UpperarmMass": 1.0,
    "Abdomen_Tone": 1.0
  },
  "metaproperties": {
    "last_character_tone": 0.0,
    "character_mass": 0.0,
    "last_character_mass": 0.0,
    "last_character_age": 0.0,
    "character_tone": 0.0,
    "character_age": 0.0
  },
  "proportions": {}
}
