{
  "manuellab_vers": [1, 6, 0],
  "metaproperties": {
    "character_mass": 0.0,
    "last_character_tone": 0.0,
    "last_character_age": 0.0,
    "last_character_mass": 0.0,
    "character_tone": 0.0,
    "character_age": 0.0
  },
  "structural": {
    "Arms_UpperarmTone": 0.0,
    "Nose_TipSize": 0.35,
    "Arms_ForearmMass": 0.0,
    "Shoulders_Tone": 0.0,
    "Neck_Length": 0.52,
    "Head_Size": 0.0,
    "Arms_UpperarmMass": 0.3,
    "Ears_SizeY": 0.0,
    "Neck_Mass": 0.0,
    "Legs_LowerlegsTone": 0.0,
    "Neck_Tone": 0.0,
    "Legs_LowerlegsMass": 0.0,
    "Legs_UpperlegsMass": 0.0,
    "Arms_ForearmTone": 0.0,
    "Nose_GlabellaSizeX": 0.98,
    "Shoulders_Mass": 0.0,
    "Chin_Prominence": 0.98,
    "Legs_UpperlegsTone": 0.0,
    "Torso_Mass": 0.0,
    "Eyebrows_Angle": 0.74,
    "Nose_GlabellaPosZ": 0.17,
    "Nose_TipAngle": 0.2,
    "Torso_Length": 1.0,
    "Forehead_Temple": 0.23,
    "Chin_SizeX": 0.08,
    "Forehead_SizeX": 0.98,
    "Eyes_InnerPosZ": 0.17,
    "Hands_FingersLength": 1.0,
    "Arms_ForearmLength": 1.0,
    "Ears_SizeZ": 0.92,
    "Legs_LowerlegLength": 1.0,
    "Torso_SizeX": 0.0,
    "Torso_Tone": 0.0,
    "Hands_PalmLength": 1.0,
    "Cheeks_Mass": 0.0,
    "Forehead_SizeZ": 0.98
  },
  "materialproperties": {
    "skin_age": 0.2,
    "eyes_value": 1.0,
    "skin_fresnel": 1.0,
    "eyes_hue": 0.5,
    "skin_sss": 1.0,
    "skin_oil": 0.75,
    "skin_reflection": 0.9,
    "skin_bump": 0.5,
    "skin_complexion": 0.65,
    "eyes_saturation": 1.0
  }
}
