{
  "materialproperties": {},
  "structural": {
    "Shoulders_Tone": 0.62,
    "Torso_SizeX": 0.47,
    "Shoulders_Mass": 0.62,
    "Pelvis_GluteusMass": 0.71,
    "Legs_KneeSize": 1.0,
    "Head_Size": 0.59,
    "Legs_LowerlegsTone": 0.95,
    "Torso_Mass": 0.74,
    "Torso_Tone": 0.53,
    "Arms_ForearmMass": 1.0,
    "Legs_LowerlegLength": 0.39,
    "Legs_UpperlegsMass": 0.68,
    "Arms_UpperarmMass": 0.92,
    "Legs_LowerlegsMass": 1.0,
    "Legs_UpperlegLength": 0.32,
    "Torso_Vshape": 0.62,
    "Legs_UpperlegsTone": 0.35
  },
  "manuellab_vers": [1, 6, 0],
  "metaproperties": {
    "last_character_age": 0.0,
    "last_character_tone": 0.0,
    "last_character_mass": 0.0,
    "character_tone": 0.0,
    "character_age": 0.0,
    "character_mass": 0.0
  }
}
