{
  "materialproperties": {
    "skin_oil": 0.1,
    "eyes_saturation": 1.0,
    "skin_bump": 0.5,
    "eyes_value": 0.5,
    "skin_reflection": 0.9,
    "skin_complexion": 0.1,
    "eyes_hue": 0.5,
    "skin_sss": 1.0,
    "skin_age": 0.2,
    "skin_fresnel": 1.0
  },
  "manuellab_vers": [1, 6, 0],
  "metaproperties": {
    "character_age": 0.0,
    "character_mass": -0.15,
    "last_character_tone": 0.39,
    "last_character_age": 0.0,
    "last_character_mass": -0.15,
    "character_tone": 0.39
  },
  "structural": {
    "Neck_Mass": 0.35,
    "Legs_UpperThighGirth": 0.83,
    "Torso_Tone": 0.89,
    "Legs_LowerlegsTone": 0.89,
    "Arms_UpperarmMass": 0.35,
    "Pelvis_GluteusMass": 0.35,
    "Shoulders_Tone": 0.89,
    "Waist_Size": 0.5765,
    "Hands_Mass": 0.35,
    "Feet_Mass": 0.35,
    "Cheeks_Tone": 0.89,
    "Arms_ForearmTone": 0.89,
    "Legs_UpperlegsTone": 0.89,
    "Wrists_Size": 0.5315,
    "Arms_UpperarmTone": 0.89,
    "Legs_LowerlegLength": 0.65,
    "Cheeks_Mass": 0.35,
    "Legs_UpperlegLength": 0.62,
    "Torso_Mass": 0.35,
    "Legs_KneeSize": 0.578,
    "Neck_Tone": 0.89,
    "Pelvis_GluteusTone": 0.89,
    "Stomach_Volume": 0.497,
    "Abdomen_Tone": 0.74,
    "Legs_LowerlegsMass": 0.35,
    "Legs_UpperlegsMass": 0.35,
    "Arms_ForearmMass": 0.35,
    "Stomach_LocalFat": 0.4925,
    "Shoulders_Mass": 0.35
  }
}
