{
  "manuellab_vers": [1, 5, 0],
  "materialproperties": {
    "skin_age": 0.2,
    "skin_reflection": 0.9,
    "skin_sss": 1.0,
    "eyes_value": 1.0,
    "eyes_saturation": 1.0,
    "skin_bump": 0.5,
    "skin_oil": 0.75,
    "eyes_hue": 0.5,
    "skin_complexion": 0.65,
    "skin_fresnel": 1.0
  },
  "structural": {
    "Stomach_Volume": 0.5048,
    "Legs_UpperlegsMass": 0.74,
    "Cheeks_Tone": 0.74,
    "Arms_ForearmMass": 0.74,
    "Shoulders_Mass": 0.74,
    "Hands_Mass": 0.74,
    "Legs_LowerlegsTone": 0.74,
    "Legs_UpperlegsTone": 0.74,
    "Shoulders_Tone": 0.74,
    "Legs_LowerlegsMass": 0.74,
    "Arms_ForearmTone": 0.74,
    "Abdomen_Mass": 0.74,
    "Pelvis_GluteusTone": 0.74,
    "Legs_KneeSize": 0.596,
    "Stomach_LocalFat": 0.5048,
    "Waist_Size": 0.596,
    "Arms_UpperarmTone": 0.74,
    "Torso_Mass": 0.74,
    "Neck_Mass": 0.74,
    "Neck_Tone": 0.74,
    "Feet_Mass": 0.74,
    "Torso_Tone": 0.74,
    "Pelvis_GluteusMass": 0.74,
    "Abdomen_Tone": 1.0,
    "Cheeks_Mass": 0.74,
    "Arms_UpperarmMass": 0.74,
    "Wrists_Size": 0.548
  },
  "metaproperties": {
    "last_character_tone": 0.24,
    "character_mass": 0.24,
    "last_character_mass": 0.24,
    "last_character_age": 0.0,
    "character_tone": 0.24,
    "character_age": 0.0
  },
  "proportions": {}
}
