{
  "manuellab_vers": [1, 6, 0],
  "structural": {
    "Abdomen_Mass": 0.59,
    "Neck_Tone": 0.44,
    "Torso_SizeY": 0.62,
    "Pelvis_GluteusSize": 0.62,
    "Torso_Vshape": 0.35,
    "Abdomen_Tone": 0.44,
    "Neck_Mass": 0.62,
    "Torso_Tone": 0.38,
    "Torso_SizeX": 0.65
  },
  "materialproperties": {
    "skin_oil": 0.75,
    "skin_complexion": 0.65,
    "eyes_hue": 0.5,
    "skin_sss": 1.0,
    "skin_age": 0.2,
    "eyes_value": 1.0,
    "skin_fresnel": 1.0,
    "skin_bump": 0.5,
    "eyes_saturation": 1.0,
    "skin_reflection": 0.9
  },
  "metaproperties": {
    "character_tone": 0.0,
    "last_character_age": 0.0,
    "last_character_tone": 0.0,
    "character_mass": 0.0,
    "character_age": 0.0,
    "last_character_mass": 0.0
  }
}
