{
  "manuellab_vers": [1, 5, 0],
  "materialproperties": {
    "skin_age": 0.2,
    "skin_reflection": 0.9,
    "skin_sss": 1.0,
    "eyes_value": 0.5,
    "eyes_saturation": 1.0,
    "skin_bump": 0.5,
    "skin_oil": 0.1,
    "eyes_hue": 0.5,
    "skin_complexion": 0.1,
    "skin_fresnel": 1.0
  },
  "structural": {
    "Abdomen_Mass": 0.62,
    "Head_Size": 0.32,
    "Legs_UpperlegsMass": 1.5,
    "Cheeks_Tone": 1.5,
    "Arms_ForearmMass": 1.5,
    "Shoulders_Mass": 1.5,
    "Hands_Mass": 1.5,
    "Legs_LowerlegsTone": 1.5,
    "Arms_UpperarmLength": 0.86,
    "Legs_UpperlegsTone": 1.5,
    "Shoulders_Tone": 1.5,
    "Neck_Tone": 1.5,
    "Legs_LowerlegsMass": 1.5,
    "Neck_Length": 0.62,
    "Arms_ForearmTone": 1.5,
    "Wrists_Size": 0.7,
    "Pelvis_GluteusTone": 1.5,
    "Legs_LowerlegLength": 0.74,
    "Legs_KneeSize": 0.9,
    "Stomach_Volume": 0.52,
    "Stomach_LocalFat": 0.52,
    "Waist_Size": 0.9,
    "Arms_UpperarmTone": 1.5,
    "Torso_Mass": 1.5,
    "Hands_Size": 0.83,
    "Neck_Mass": 1.5,
    "Legs_UpperlegLength": 0.59,
    "Feet_Mass": 1.5,
    "Torso_Length": 0.74,
    "Torso_Tone": 1.5,
    "Pelvis_GluteusMass": 1.5,
    "Feet_Size": 0.82,
    "Abdomen_Tone": 1.0,
    "Body_Size": 1.0,
    "Cheeks_Mass": 1.5,
    "Arms_UpperarmMass": 1.5,
    "Arms_ForearmLength": 0.65
  },
  "metaproperties": {
    "last_character_tone": 1.0,
    "character_mass": 1.0,
    "last_character_mass": 1.0,
    "last_character_age": 0.0,
    "character_tone": 1.0,
    "character_age": 0.0
  },
  "proportions": {}
}
