{
  "materialproperties": {},
  "manuellab_vers": [1, 4, 0],
  "structural": {
    "Eyelashes_Length": 0.41,
    "Legs_UpperlegSize": 0.05,
    "Shoulders_PosX": 0.56,
    "Hands_Size": 0.71,
    "Torso_SizeX": 0.0,
    "Mouth_SizeX": 0.65,
    "Eyes_SizeZ": 0.17,
    "Shoulders_SizeX": 0.74,
    "Pelvis_Length": 0.56,
    "Torso_Vshape": 0.8,
    "Feet_Size": 1.0,
    "Legs_LowerlegLength": 1.0,
    "Torso_Length": 0.0,
    "Eyelids_Angle": 0.53,
    "Eyelids_OuterPosZ": 0.56,
    "Legs_LowerlegSize": 0.62,
    "Legs_UpperlegLength": 0.29,
    "Hands_PalmLength": 0.68,
    "Arms_UpperarmMass": 0.62,
    "Mouth_LowerlipSizeZ": 1.0,
    "Hands_FingersLength": 0.56,
    "Eyebrows_PosZ": 0.29,
    "Torso_Dorsi": 0.67
  },
  "proportions": {},
  "metaproperties": {
    "character_mass": 0.0,
    "last_character_mass": 0.0,
    "last_character_age": 0.0,
    "last_character_tone": 0.0,
    "character_age": 0.0,
    "character_tone": 0.0
  }
}
