{
  "materialproperties": {},
  "manuellab_vers": [1, 4, 0],
  "structural": {
    "Legs_UpperlegSize": 0.65,
    "Legs_LowerlegLength": 0.62,
    "Arms_ForearmSize": 0.53,
    "Torso_Length": 0.89,
    "Arms_UpperarmSize": 0.8,
    "Hands_Size": 0.62,
    "Legs_UpperlegLength": 0.47,
    "Pelvis_GluteusMass": 0.74,
    "Hands_PalmLength": 0.74,
    "Legs_UpperlegsMass": 0.62,
    "Shoulders_Size": 0.53,
    "Torso_Dorsi": 0.92,
    "Legs_UpperlegsTone": 0.6
  },
  "proportions": {},
  "metaproperties": {
    "character_mass": 0.0,
    "last_character_mass": 0.0,
    "last_character_age": 0.0,
    "last_character_tone": 0.0,
    "character_age": 0.0,
    "character_tone": 0.0
  }
}
