{
  "materialproperties": {},
  "manuellab_vers": [1, 4, 0],
  "structural": {
    "Legs_LowerlegsMass": 1.5,
    "Neck_Tone": -0.5,
    "Waist_Size": 0.69,
    "Pelvis_GluteusTone": -0.5,
    "Pelvis_GluteusMass": 1.5,
    "Shoulders_Tone": -0.5,
    "Legs_LowerlegsTone": -0.5,
    "Arms_ForearmTone": -0.5,
    "Torso_Tone": -0.5,
    "Hands_Mass": 1.5,
    "Legs_UpperlegsMass": 1.5,
    "Torso_Mass": 1.5,
    "Arms_UpperarmTone": -0.5,
    "Arms_UpperarmMass": 1.5,
    "Shoulders_Mass": 1.5,
    "Legs_UpperlegsTone": -0.5,
    "Cheeks_Mass": 1.5,
    "Arms_ForearmMass": 1.5,
    "Neck_Mass": 1.5
  },
  "proportions": {},
  "metaproperties": {
    "character_mass": 1.0,
    "last_character_mass": 1.0,
    "last_character_tone": -1.0,
    "last_character_age": 0.0,
    "character_age": 0.0,
    "character_tone": -1.0
  }
}
