{
  "materialproperties": {},
  "manuellab_vers": [1, 4, 0],
  "structural": {
    "Legs_LowerlegsMass": 1.5,
    "Legs_LowerlegsTone": 1.5,
    "Cheeks_Mass": 1.5,
    "Pelvis_GluteusTone": 1.5,
    "Torso_Vshape": 0.71,
    "Neck_Tone": 1.5,
    "Shoulders_Tone": 1.5,
    "Legs_UpperlegsMass": 1.5,
    "Arms_ForearmTone": 1.5,
    "Torso_Tone": 1.5,
    "Hands_Mass": 1.5,
    "Neck_Mass": 1.5,
    "Torso_Mass": 1.5,
    "Arms_UpperarmMass": 1.5,
    "Shoulders_Mass": 1.5,
    "Legs_UpperlegsTone": 1.5,
    "Arms_ForearmMass": 1.5,
    "Pelvis_GluteusMass": 1.5,
    "Arms_UpperarmTone": 1.5
  },
  "proportions": {},
  "metaproperties": {
    "character_mass": 1.0,
    "last_character_mass": 1.0,
    "last_character_age": 0.0,
    "last_character_tone": 1.0,
    "character_age": 0.0,
    "character_tone": 1.0
  }
}
