{
  "structural": {
    "Eyes_PosX": 0.44,
    "Mouth_UpperlipSizeZ": 0.32,
    "Eyes_TypeHooded": 0.95,
    "Mouth_LowerlipSizeZ": 0.23,
    "Nose_SeptumFlat": 0.94,
    "Nose_SeptumRolled": 0.71,
    "Eyebrows_Angle": 0.38,
    "Neck_TrapeziousSize": 0.71,
    "Mouth_SizeX": 0.38,
    "Nose_WingAngle": 0.35,
    "Nose_GlabellaSizeY": 0.38,
    "Torso_Vshape": 0.32,
    "Body_Size": 0.52,
    "Nose_NostrilSizeX": 0.47,
    "Chin_SizeZ": 0.62,
    "Legs_LowerlegLength": 0.62,
    "Legs_UpperlegLength": 0.56,
    "Head_CraniumDolichocephalic": 0.92,
    "Forehead_Angle": 0.65,
    "Chin_Prominence": 0.62,
    "Nose_NostrilDiam": 0.26,
    "Forehead_Temple": 0.32,
    "Nose_Curve": 0.35,
    "Nose_TipSize": 0.53
  }
}
