{
  "IK_control_fg04_L_head": [1707],
  "rot_helper06_R_head": [
    10821,
    10823,
    10825,
    10838,
    10839,
    10841,
    10844,
    10847,
    10848,
    10849,
    10945,
    10946,
    10948,
    10949,
    10950,
    10951,
    10952,
    10953,
    10958,
    10959,
    10961,
    10995,
    10996,
    10997,
    17979,
    17980
  ],
  "thumb03_L_tail": [1518, 4322, 4327],
  "nk_muscle_01_T_R_head": [392, 403, 411, 413],
  "nk_muscle_03_T_tail": [
    2189,
    2197,
    2232,
    2233,
    2241,
    2531,
    2609,
    2626,
    2628,
    16616,
    16624,
    16659,
    16660,
    16668,
    16958,
    17036,
    17053,
    17055
  ],
  "nk_muscle_02_T_R_head": [
    396,
    397,
    453,
    454,
    455,
    458,
    459,
    460,
    461,
    462,
    463,
    464,
    504,
    506,
    507,
    508,
    509,
    510,
    511,
    603,
    605,
    609,
    611
  ],
  "lgs_muscle_05_R_head": [
    10769,
    10787,
    10788,
    10789,
    10793,
    10811,
    10812,
    10813
  ],
  "lowerarm_twist_R_tail": [
    7931,
    7932,
    7933,
    7934,
    7935,
    7936,
    7984,
    7985,
    7999,
    8000,
    8001,
    8026,
    8028,
    8048,
    8049,
    8139,
    8167,
    8168
  ],
  "rot_helper02_R_head": [
    7954,
    7960,
    7961,
    7962,
    7963,
    7964,
    7965,
    7968,
    7969,
    7970,
    8003,
    8005,
    8006,
    8010,
    8011,
    8021,
    8031,
    8032,
    8148,
    8151,
    11078
  ],
  "ring00_R_head": [
    7722,
    7741,
    8185,
    8222,
    8228,
    8229,
    8290,
    8291,
    8294,
    8295,
    8297,
    8298,
    8313,
    8314,
    8317,
    8336,
    8337,
    8339,
    11055
  ],
  "index02_L_tail": [1464, 3711, 3713],
  "tcs_muscle_01_T_L_tail": [3340, 3343, 3398],
  "IK_control_ft_L_head": [5625, 6268, 6269, 6270, 6271, 6273, 6275, 6276],
  "IK_control_ts_L_head": [4512, 4568, 4569, 4604, 4611, 4613, 5404, 5405],
  "clavicle_R_tail": [
    327,
    332,
    354,
    355,
    356,
    550,
    17673,
    17815,
    17842,
    17852,
    17896,
    17904,
    17905,
    17916,
    17922,
    17925
  ],
  "lgs_muscle_01_L_head": [
    6195,
    6295,
    6298,
    6306,
    6307,
    6310,
    6316,
    6333,
    6344,
    6346
  ],
  "lwrl_muscle_01_R_head": [10892, 10893, 10894, 10895],
  "abd_muscle_01_T_R_head": [8065, 8084, 8085, 8087, 8088, 8096, 11177, 11178],
  "bk_muscle_02_L_tail": [
    547,
    3171,
    3172,
    3433,
    3434,
    17659,
    17664,
    17675,
    17687,
    17821,
    17828,
    17853,
    17854,
    17855,
    17870,
    17953
  ],
  "IK_control_h_L_tail": [3879, 3916, 3933],
  "lwrm_muscle_01_H_L_tail": [3242, 3281],
  "nk_muscle_04_H_head": [
    114,
    220,
    221,
    222,
    306,
    317,
    318,
    378,
    485,
    486,
    487,
    519
  ],
  "bk_muscle_02_T_R_tail": [408, 419, 422, 467, 468, 469, 472, 473, 474],
  "thigh_twist_L_head": [
    6173,
    6175,
    6177,
    6190,
    6191,
    6193,
    6196,
    6199,
    6200,
    6201,
    6296,
    6297,
    6299,
    6300,
    6302,
    6303,
    6304,
    6341,
    6342,
    6343
  ],
  "lgs_muscle_02_L_tail": [5735, 5813, 6227, 6234],
  "thigh_L_tail": [
    1280,
    1305,
    1362,
    1373,
    1375,
    1377,
    5639,
    5725,
    5739,
    5742,
    5748,
    5768,
    5770,
    5823,
    6227,
    6228,
    6231,
    6232
  ],
  "struct_nk_head": [
    199,
    216,
    219,
    316,
    376,
    377,
    464,
    481,
    484,
    535,
    592,
    593,
    594,
    595,
    596,
    599,
    600,
    601,
    602,
    606,
    607,
    608,
    609,
    610,
    613,
    614,
    615,
    620
  ],
  "lwrl_muscle_02_H_L_head": [
    5661,
    5689,
    5690,
    5702,
    5927,
    5928,
    5966,
    5967,
    5970,
    5971,
    5976,
    5977
  ],
  "struct_ft01_L_tail": [
    5548,
    5549,
    5552,
    5553,
    5556,
    5562,
    5563,
    5564,
    5567,
    5568,
    6266,
    6272
  ],
  "index00_R_head": [
    7648,
    7695,
    7721,
    7727,
    7740,
    7744,
    7745,
    8224,
    8232,
    8233,
    8234,
    8238,
    8239
  ],
  "struct_ft03_L_tail": [4512, 4568, 4569, 4604, 4611, 4613, 5404, 5405],
  "shld_muscle02_T_L_tail": [3235, 3236, 3237, 3238, 3308, 3309],
  "shld_muscle01_T_L_head": [3193, 3194, 3195, 17679, 17680, 17681, 17685],
  "thumb02_L_tail": [1519, 4342, 4344],
  "IK_control_h_R_tail": [8527, 8564, 8581],
  "IK_control_ebw_L_tail": [3326],
  "pct_muscle_01_H_R_tail": [
    284,
    512,
    537,
    538,
    545,
    546,
    548,
    553,
    3166,
    3169,
    3179,
    3187,
    3190,
    3429,
    3431,
    6431,
    7821,
    7822,
    7825,
    7826,
    7837,
    7845,
    7848,
    8073,
    8074,
    11089,
    17656,
    17671,
    17687,
    17688,
    17793,
    17818,
    17819,
    17822,
    17823,
    17824,
    17825,
    17951
  ],
  "middle02_L_tail": [3862, 3959, 3961],
  "IK_control_fg05_L_tail": [3540],
  "IK_control_lsp_head": [10991],
  "lwrm_muscle_03_T_L_tail": [1714, 1715, 3567, 3601, 3638],
  "lgs_muscle_05_H_L_head": [
    6169,
    6171,
    6191,
    6193,
    6281,
    6282,
    6297,
    6449,
    6536,
    6542,
    6543,
    10852,
    10956,
    11079,
    11161,
    11162,
    11164
  ],
  "nk_muscle_04_head": [
    133,
    199,
    232,
    239,
    244,
    319,
    376,
    377,
    397,
    464,
    497,
    504,
    508,
    535
  ],
  "lwrm_muscle_02_T_R_head": [
    7655,
    7747,
    8182,
    8183,
    8184,
    11038,
    11039,
    11040,
    11041,
    11044
  ],
  "index02_L_head": [1426, 3693, 3695],
  "glt_muscle_02_R_tail": [
    10816,
    10817,
    10818,
    10819,
    10838,
    10839,
    10840,
    10841
  ],
  "hand_R_head": [
    7722,
    8182,
    8183,
    8184,
    8325,
    8330,
    8331,
    8337,
    11039,
    11040,
    11044,
    11048,
    11049,
    11050,
    11051,
    11052,
    11053,
    11054
  ],
  "pinky03_R_head": [8866, 8963, 8965],
  "IK_control_h_R_head": [
    7722,
    8182,
    8183,
    8184,
    8325,
    8330,
    8331,
    8337,
    11039,
    11040,
    11044,
    11048,
    11049,
    11050,
    11051,
    11052,
    11053,
    11054
  ],
  "lgs_muscle_03_T_L_head": [
    5645,
    5647,
    5667,
    5668,
    5692,
    5693,
    5872,
    5875,
    5964,
    5965,
    5968,
    5969,
    5985,
    5986
  ],
  "nk_muscle_01_H_L_tail": [115, 134, 141, 142, 145, 146],
  "IK_control_fg03_L_tail": [3540],
  "pct_muscle_01_L_tail": [
    3182,
    3183,
    3188,
    3189,
    3198,
    3199,
    3200,
    3201,
    17691,
    17693
  ],
  "index03_R_tail": [7434, 7589, 7608],
  "bcs_muscle_01_H_L_tail": [
    255,
    256,
    259,
    260,
    261,
    264,
    265,
    266,
    3182,
    3199,
    3200,
    3205,
    3206,
    3209,
    3271,
    3272,
    3346,
    3347,
    3371,
    3372,
    3374
  ],
  "lgs_muscle_05_H_L_tail": [6121, 6139, 6140, 6141, 6145, 6163, 6164, 6165],
  "calf_twist_L_head": [
    1280,
    1305,
    1362,
    1373,
    1375,
    1377,
    5639,
    5725,
    5739,
    5742,
    5748,
    5768,
    5770,
    5823,
    6227,
    6228,
    6231,
    6232
  ],
  "lgs_muscle_02_H_R_tail": [
    10931,
    10943,
    10965,
    10969,
    10970,
    10971,
    10972,
    10975,
    10982,
    11056,
    11067,
    11068,
    11108,
    11109,
    11158,
    11161,
    11164,
    11166,
    11209,
    11212
  ],
  "lgs_muscle_05_T_L_head": [
    1256,
    1259,
    1289,
    1354,
    1355,
    1357,
    5702,
    5963,
    5965,
    5971,
    5984,
    5985
  ],
  "lgs_muscle_04_H_L_head": [
    6312,
    6317,
    6319,
    6324,
    6329,
    6331,
    6545,
    6546,
    10991,
    17985,
    17986
  ],
  "toes_R_head": [9160, 9216, 9217, 9252, 9259, 9261, 10052, 10053],
  "lwrl_muscle_04_L_head": [5638, 5734, 5906, 5907],
  "IK_control_hl_R_head": [10147],
  "lwrl_muscle_04_T_R_head": [10241, 10252, 10253, 10269, 10925],
  "lgs_muscle_04_T_R_head": [
    7216,
    7218,
    7238,
    7256,
    7260,
    7262,
    7264,
    7276,
    7277,
    7295,
    7296,
    7297,
    10578,
    10580,
    10581
  ],
  "ring00_R_tail": [8188, 8190, 8199, 8200, 8217],
  "lgs_muscle_02_H_L_head": [
    6399,
    6400,
    6409,
    6410,
    6453,
    6481,
    6482,
    6484,
    6485,
    6548
  ],
  "lwrl_muscle_01_L_head": [6243, 6244, 6245, 6246],
  "lwrl_muscle_02_T_L_head": [5582, 5598, 5601, 5602, 5618, 5625, 6269, 6270],
  "bcs_muscle_01_H_L_head": [
    290,
    291,
    293,
    294,
    539,
    554,
    562,
    563,
    3187,
    3188,
    3198,
    17660,
    17693,
    17694,
    17816,
    17833,
    17840,
    17845,
    17891,
    17893,
    17898
  ],
  "spine01_head": [
    6400,
    6401,
    6402,
    6407,
    6408,
    6409,
    6412,
    6413,
    6414,
    11057,
    11058,
    11059,
    11064,
    11065,
    11066,
    11069,
    11070,
    11071
  ],
  "rot_helper01_R_head": [
    7232,
    7257,
    7314,
    7325,
    7327,
    7329,
    10287,
    10373,
    10387,
    10390,
    10396,
    10416,
    10418,
    10471,
    10876,
    10877,
    10880,
    10881
  ],
  "lwrm_muscle_04_L_tail": [
    1769,
    1770,
    3666,
    3689,
    6391,
    6392,
    6393,
    6394,
    6395,
    6396,
    6397,
    6398
  ],
  "IK_control_a_L_head": [
    1770,
    3534,
    3535,
    3536,
    3677,
    3682,
    3683,
    3689,
    6382,
    6383,
    6387,
    6391,
    6392,
    6393,
    6394,
    6395,
    6396,
    6397
  ],
  "lgs_muscle_05_L_tail": [
    1256,
    1259,
    1289,
    1354,
    1355,
    1357,
    5702,
    5963,
    5965,
    5971,
    5984,
    5985
  ],
  "nk_muscle_02_H_L_tail": [
    210,
    236,
    237,
    238,
    252,
    268,
    269,
    270,
    271,
    303,
    539,
    17800,
    17801,
    17898
  ],
  "IK_control_fg04_R_head": [7659],
  "shld_muscle02_T_R_head": [
    358,
    359,
    360,
    541,
    542,
    544,
    7850,
    7851,
    7852,
    7913,
    8013,
    17665,
    17666,
    17669
  ],
  "calf_R_tail": [10273, 10917, 10918, 10919, 10920, 10922, 10924, 10925],
  "upperarm_twist_R_head": [
    327,
    354,
    355,
    356,
    550,
    17673,
    17842,
    17852,
    17896,
    17904,
    17905,
    17916,
    17922,
    17925
  ],
  "IK_control_a_R_tail": [7659],
  "IK_control_hl_R_tail": [10199],
  "lwrm_muscle_04_R_head": [7885, 7888, 7897, 7898, 7899, 7900],
  "lwrl_muscle_03_T_R_tail": [10146, 10160, 10163, 10164],
  "lgs_muscle_01_H_L_tail": [
    6195,
    6295,
    6298,
    6306,
    6307,
    6310,
    6316,
    6333,
    6344,
    6346
  ],
  "lgs_muscle_05_T_L_tail": [
    1242,
    1243,
    1246,
    1247,
    1255,
    1256,
    1351,
    1352,
    1353,
    1354,
    5702,
    5927,
    5928,
    5966,
    5967,
    5970,
    5971,
    5976,
    5977
  ],
  "nk_muscle_02_T_R_tail": [
    132,
    188,
    190,
    191,
    192,
    193,
    239,
    242,
    243,
    244,
    245,
    246,
    314,
    321,
    396,
    453,
    455,
    456,
    457,
    458,
    504,
    506,
    507,
    508,
    509,
    510
  ],
  "lwrm_muscle_02_R_tail": [
    7655,
    7747,
    8182,
    8183,
    8184,
    11038,
    11039,
    11040,
    11041,
    11044
  ],
  "nk_muscle_03_H_head": [352, 17861, 17862, 17864, 17906, 17907, 17909],
  "pct_muscle_01_R_head": [
    284,
    512,
    537,
    538,
    545,
    546,
    548,
    553,
    3166,
    3169,
    3179,
    3187,
    3190,
    3429,
    3431,
    6431,
    7821,
    7822,
    7825,
    7826,
    7837,
    7845,
    7848,
    8073,
    8074,
    11089,
    17656,
    17671,
    17687,
    17688,
    17793,
    17818,
    17819,
    17822,
    17823,
    17824,
    17825,
    17951
  ],
  "nk_muscle_03_T_head": [
    2195,
    2196,
    2818,
    2819,
    2820,
    2821,
    16622,
    16623,
    17245,
    17246,
    17247,
    17248
  ],
  "lwrm_muscle_03_H_R_tail": [7920, 8010, 8143, 8144, 8145, 11077, 11078],
  "lwrl_muscle_02_H_R_tail": [7324, 10412, 10551, 10585, 10628, 10629],
  "breast_R_tail": [17645],
  "lwrm_muscle_02_T_L_head": [
    1703,
    1795,
    3534,
    3535,
    3536,
    6381,
    6382,
    6383,
    6384,
    6387
  ],
  "lgs_muscle_05_T_R_head": [
    7208,
    7211,
    7241,
    7306,
    7307,
    7309,
    10350,
    10611,
    10613,
    10619,
    10632,
    10633
  ],
  "shld_muscle02_L_head": [
    117,
    119,
    223,
    224,
    225,
    276,
    565,
    17799,
    17807,
    17817
  ],
  "tcs_muscle_01_H_R_head": [
    281,
    282,
    300,
    301,
    302,
    351,
    361,
    543,
    552,
    555,
    557,
    17667,
    17678,
    17679,
    17681,
    17692,
    17892,
    17911,
    17912,
    17913,
    17914,
    17917,
    17919,
    17920,
    17921,
    17924,
    17926,
    17927,
    17928,
    17932
  ],
  "IK_control_fg03_L_head": [1707],
  "lwrm_muscle_01_H_L_head": [3304, 3315],
  "nk_muscle_03_H_tail": [219, 220, 316, 484, 485, 519, 592, 602, 606],
  "spn_muscle_01_H_tail": [
    6402,
    6403,
    6404,
    6406,
    6407,
    6408,
    6412,
    6413,
    6414,
    6415,
    11059,
    11060,
    11061,
    11063,
    11064,
    11065,
    11069,
    11070,
    11071,
    11072
  ],
  "middle01_L_tail": [3824, 3941, 3943],
  "lgs_muscle_04_R_head": [
    10815,
    10817,
    10818,
    10837,
    10839,
    10840,
    10944,
    10946,
    10947,
    11218,
    11224,
    11225
  ],
  "shld_muscle01_T_R_head": [7851, 7852, 7853, 17666, 17667, 17669, 17920],
  "IK_control_kn_R_head": [10878],
  "glt_muscle_02_T_R_tail": [
    10758,
    10759,
    10760,
    10762,
    10782,
    10783,
    10784,
    10786,
    10788,
    10789,
    10812,
    10813
  ],
  "pct_muscle_01_R_tail": [
    7840,
    7841,
    7846,
    7847,
    7856,
    7857,
    7858,
    7859,
    17673,
    17674
  ],
  "pinky00_R_head": [
    7681,
    7686,
    7724,
    7731,
    7743,
    7747,
    8182,
    8222,
    8225,
    8229,
    8245,
    8246,
    8279,
    8280,
    8281,
    8287,
    8290,
    8296,
    8297,
    8299,
    8310,
    8311,
    8312,
    8315
  ],
  "lwrm_muscle_01_H_R_head": [7945, 7956],
  "rot_helper02_L_head": [
    3313,
    3319,
    3320,
    3321,
    3322,
    3323,
    3324,
    3327,
    3328,
    3329,
    3362,
    3364,
    3365,
    3369,
    3370,
    3380,
    3390,
    3391,
    3500,
    3503,
    6421
  ],
  "root_head": [
    5543,
    5544,
    5545,
    5547,
    5548,
    5549,
    5551,
    5552,
    5553,
    5555,
    5556,
    5561,
    5562,
    5563,
    5564,
    5566,
    5567,
    5568,
    6266,
    6272,
    10191,
    10192,
    10193,
    10195,
    10196,
    10197,
    10199,
    10200,
    10201,
    10203,
    10204,
    10209,
    10210,
    10211,
    10212,
    10214,
    10215,
    10216,
    10915,
    10921
  ],
  "lwrl_muscle_04_R_head": [10286, 10382, 10554, 10555],
  "pinky02_R_head": [8828, 8945, 8947],
  "lgs_muscle_03_H_L_tail": [
    6297,
    6309,
    6481,
    6482,
    6485,
    6531,
    6542,
    6544,
    11143
  ],
  "thigh_R_tail": [
    7232,
    7257,
    7314,
    7325,
    7327,
    7329,
    10287,
    10373,
    10387,
    10390,
    10396,
    10416,
    10418,
    10471,
    10876,
    10877,
    10880,
    10881
  ],
  "middle03_R_head": [8510, 8607, 8609],
  "lwrl_muscle_03_H_L_tail": [1312, 1314, 1366, 1367],
  "nk_muscle_04_T_head": [
    2408,
    2410,
    2429,
    2430,
    2431,
    2432,
    2603,
    2604,
    2740,
    2745,
    2750,
    2751,
    16835,
    16837,
    16856,
    16857,
    16858,
    16859,
    17030,
    17031,
    17167,
    17172,
    17177,
    17178
  ],
  "rot_helper03_R_head": [
    10821,
    10823,
    10825,
    10838,
    10839,
    10841,
    10844,
    10847,
    10848,
    10849,
    10945,
    10946,
    10948,
    10949,
    10950,
    10951,
    10952,
    10953,
    10958,
    10959,
    10961,
    10995,
    10996,
    10997,
    17979,
    17980
  ],
  "ring01_L_tail": [4002, 4119, 4121],
  "lwrm_muscle_02_L_tail": [
    1703,
    1795,
    3534,
    3535,
    3536,
    6381,
    6382,
    6383,
    6384,
    6387
  ],
  "shld_muscle01_R_head": [390, 391, 419, 420, 422, 468, 469, 470, 616],
  "glt_muscle_02_H_R_tail": [
    10977,
    10978,
    10979,
    11008,
    11018,
    11019,
    11020,
    11022,
    11098,
    11100,
    11102,
    11104,
    11105
  ],
  "calf_twist_L_tail": [
    1313,
    1314,
    1315,
    1316,
    1317,
    1319,
    1345,
    1346,
    1366,
    1367,
    1368,
    1369,
    5821,
    5822,
    5838,
    5839,
    5843,
    5844,
    5912,
    5913,
    6243,
    6244,
    6245,
    6246,
    6247,
    6248,
    6251,
    6252
  ],
  "lgs_muscle_01_R_head": [
    10843,
    10944,
    10947,
    10955,
    10957,
    10960,
    10966,
    10985,
    10998,
    11000
  ],
  "IK_control_fg02_L_head": [1707],
  "IK_control_kn_R_tail": [10889],
  "lwrl_muscle_03_L_tail": [5555, 5559, 5565, 5583],
  "bcs_muscle_01_T_R_head": [
    7925,
    7926,
    7927,
    7928,
    7965,
    7970,
    7973,
    7974,
    8149,
    8150,
    8151,
    8152,
    8153,
    8154,
    11024,
    11025
  ],
  "index01_L_tail": [1426, 3693, 3695],
  "lwrl_muscle_01_H_R_tail": [10892, 10893, 10894, 10895],
  "IK_control_ts_R_tail": [9686, 9687, 9688, 9689, 9690, 9691],
  "abd_muscle_01_H_L_head": [6194, 6297, 6299, 6309, 6311, 6469, 6530],
  "thumb02_R_tail": [7471, 8990, 8992],
  "bcs_muscle_01_R_tail": [
    7925,
    7926,
    7927,
    7928,
    7965,
    7970,
    7973,
    7974,
    8149,
    8150,
    8151,
    8152,
    8153,
    8154,
    11024,
    11025
  ],
  "IK_control_kn_L_head": [6229],
  "lwrl_muscle_02_L_tail": [5582, 5598, 5601, 5602, 5618, 5625, 6269, 6270],
  "lwrm_muscle_02_H_R_head": [
    7949,
    7952,
    8142,
    17711,
    17712,
    17724,
    17727,
    17728
  ],
  "spn_muscle_01_head": [
    6402,
    6403,
    6404,
    6406,
    6407,
    6408,
    6412,
    6413,
    6414,
    6415,
    11059,
    11060,
    11061,
    11063,
    11064,
    11065,
    11069,
    11070,
    11071,
    11072
  ],
  "rot_helper04_L_tail": [5477, 5479, 5484, 5486, 5531, 5532, 5535, 5536],
  "pinky03_L_tail": [4235, 4272, 4289],
  "IK_control_fg04_R_tail": [8188],
  "abd_muscle_01_R_head": [
    11068,
    11069,
    11142,
    11143,
    11148,
    11149,
    11151,
    11152,
    11209,
    11211,
    11212
  ],
  "abd_muscle_01_T_L_head": [3422, 3440, 3442, 3443, 3451, 6502, 8085, 11178],
  "shld_muscle02_H_R_head": [
    306,
    317,
    318,
    378,
    379,
    381,
    405,
    409,
    486,
    487,
    488,
    494,
    495,
    496,
    17780,
    17785,
    17786,
    17787,
    17788,
    17789,
    17906,
    17909
  ],
  "glt_muscle_02_L_head": [
    6325,
    6326,
    6327,
    6354,
    6361,
    6362,
    6363,
    6365,
    6440,
    6441,
    6443,
    6445,
    6446
  ],
  "foot_R_tail": [9160, 9216, 9217, 9252, 9259, 9261, 10052, 10053],
  "index00_L_head": [
    1696,
    1743,
    1769,
    1775,
    1788,
    1792,
    1793,
    3576,
    3584,
    3585,
    3586,
    3590,
    3591
  ],
  "lwrm_muscle_01_R_tail": [8247, 8332, 8333, 8390, 8425, 8430, 8435, 11052],
  "lwrl_muscle_01_R_tail": [
    10125,
    10127,
    10132,
    10134,
    10179,
    10180,
    10183,
    10184
  ],
  "lwrm_muscle_03_R_tail": [7723, 8320, 8334, 8391, 11042],
  "shld_muscle01_T_R_tail": [
    7874,
    7876,
    7877,
    7878,
    7879,
    7880,
    7881,
    7882,
    7891,
    7893,
    7894,
    7896,
    7905,
    7917,
    7918,
    7945,
    7946,
    7947,
    7949,
    7950,
    7955,
    7956,
    7992,
    7993,
    8018,
    8020,
    17711,
    17712
  ],
  "spn_muscle_01_tail": [
    281,
    282,
    300,
    301,
    302,
    351,
    361,
    543,
    552,
    555,
    557,
    17667,
    17678,
    17679,
    17681,
    17692,
    17892,
    17911,
    17912,
    17913,
    17914,
    17917,
    17919,
    17920,
    17921,
    17924,
    17926,
    17927,
    17928,
    17932
  ],
  "lwrl_muscle_01_L_tail": [5477, 5479, 5484, 5486, 5531, 5532, 5535, 5536],
  "clavicle_L_head": [
    114,
    115,
    134,
    141,
    142,
    145,
    146,
    194,
    200,
    212,
    216,
    217,
    218,
    219,
    220,
    221,
    222,
    229,
    230,
    231,
    284,
    285,
    316,
    317,
    352,
    373,
    374,
    375,
    519,
    545,
    548,
    590,
    592,
    593,
    599,
    600,
    602,
    3168,
    6431,
    11089,
    17861,
    17862,
    17863,
    17906,
    17907,
    17908,
    17942
  ],
  "foot_L_tail": [4512, 4568, 4569, 4604, 4611, 4613, 5404, 5405],
  "shld_muscle01_L_tail": [3193, 3194, 3195, 17679, 17680, 17681, 17685],
  "thumb02_L_head": [
    1692,
    1693,
    1695,
    1700,
    1701,
    1708,
    1709,
    1710,
    1711,
    1712,
    1716,
    1730,
    1758,
    1759,
    1760,
    1761,
    1762,
    1763,
    1764,
    1766,
    1778,
    3590,
    3591,
    3592
  ],
  "struct_ft02_R_head": [9160, 9216, 9217, 9252, 9259, 9261, 10052, 10053],
  "thigh_twist_R_tail": [
    7248,
    7249,
    7251,
    7252,
    7290,
    7291,
    7312,
    7313,
    10319,
    10324,
    10330,
    10333,
    10346,
    10347,
    10348,
    10349,
    10599,
    10600,
    10719,
    10720,
    10722,
    10723,
    10727,
    10728,
    10729,
    10730,
    10738,
    10743,
    10744,
    10746,
    10747,
    10751,
    10752,
    10753,
    10754,
    10762
  ],
  "lowerarm_R_head": [
    7954,
    7960,
    7961,
    7962,
    7963,
    7964,
    7965,
    7968,
    7969,
    7970,
    8003,
    8005,
    8006,
    8010,
    8011,
    8021,
    8031,
    8032,
    8148,
    8151,
    11078
  ],
  "lgs_muscle_01_T_L_tail": [1275, 5731, 5732, 5945, 6044, 6049],
  "IK_control_fg01_L_tail": [3540],
  "middle03_L_head": [3862, 3959, 3961],
  "IK_control_hl_L_tail": [5551],
  "bk_muscle_02_T_R_head": [
    7828,
    7829,
    8077,
    8078,
    17657,
    17671,
    17676,
    17677,
    17820,
    17829,
    17858,
    17859,
    17860,
    17868,
    17871,
    17952
  ],
  "nk_muscle_04_H_tail": [
    133,
    199,
    232,
    239,
    244,
    319,
    376,
    377,
    397,
    464,
    497,
    504,
    508,
    535
  ],
  "lwrm_muscle_03_H_R_head": [
    7878,
    7881,
    7884,
    7917,
    7918,
    7919,
    7947,
    7950,
    7992,
    7993,
    8018,
    8019,
    8020
  ],
  "middle01_R_tail": [8472, 8589, 8591],
  "lwrl_muscle_01_T_R_tail": [
    9168,
    9223,
    9224,
    9259,
    9260,
    9261,
    10052,
    10053,
    10054,
    10065,
    10066,
    10067,
    10078,
    10079,
    10080
  ],
  "middle00_R_tail": [8188, 8189, 8194, 8195, 8216],
  "lwrm_muscle_01_T_L_tail": [1712, 1743, 3565, 3576, 3579, 3593, 3644],
  "ring02_R_tail": [8688, 8785, 8787],
  "spine02_tail": [
    3173,
    3417,
    3442,
    3443,
    3446,
    3448,
    3450,
    3451,
    3454,
    3456,
    3466,
    3469,
    6358,
    7830,
    7834,
    8058,
    8087,
    8088,
    8091,
    8093,
    8095,
    8096,
    8099,
    8101,
    8110,
    8112,
    8114,
    8116,
    11013,
    17809
  ],
  "clavicle_R_head": [
    316,
    317,
    352,
    378,
    379,
    398,
    405,
    406,
    409,
    410,
    459,
    477,
    481,
    482,
    483,
    484,
    485,
    486,
    487,
    494,
    495,
    496,
    512,
    513,
    519,
    532,
    533,
    534,
    538,
    548,
    602,
    604,
    606,
    607,
    613,
    614,
    619,
    7824,
    11089,
    17861,
    17864,
    17865,
    17906,
    17909,
    17910,
    17940,
    17951
  ],
  "shld_muscle02_H_L_tail": [
    117,
    119,
    223,
    224,
    225,
    276,
    565,
    17799,
    17807,
    17817
  ],
  "index01_R_head": [8186, 8189, 8209, 8210, 8219],
  "lwrm_muscle_03_L_tail": [1771, 3672, 3686, 3743, 6385],
  "lwrm_muscle_04_T_L_head": [
    1769,
    1770,
    3666,
    3689,
    6391,
    6392,
    6393,
    6394,
    6395,
    6396,
    6397,
    6398
  ],
  "tcs_muscle_01_H_L_head": [
    281,
    282,
    300,
    301,
    302,
    351,
    361,
    543,
    552,
    555,
    557,
    17667,
    17678,
    17679,
    17681,
    17692,
    17892,
    17911,
    17912,
    17913,
    17914,
    17917,
    17919,
    17920,
    17921,
    17924,
    17926,
    17927,
    17928,
    17932
  ],
  "pct_muscle_01_T_L_head": [
    3182,
    3183,
    3188,
    3189,
    3198,
    3199,
    3200,
    3201,
    17691,
    17693
  ],
  "lwrl_muscle_03_T_L_tail": [5498, 5512, 5515, 5516],
  "lwrl_muscle_04_H_R_tail": [10286, 10382, 10554, 10555],
  "pct_muscle_01_H_L_head": [
    322,
    327,
    346,
    354,
    489,
    490,
    491,
    549,
    564,
    7830,
    7831,
    8058,
    8109,
    8111,
    8112,
    17790,
    17796,
    17797,
    17810,
    17938,
    17943
  ],
  "rot_helper06_R_tail": [
    7248,
    7249,
    7289,
    7290,
    7291,
    10330,
    10333,
    10348,
    10349
  ],
  "ring03_R_head": [8688, 8785, 8787],
  "abd_muscle_01_L_tail": [3422, 3440, 3442, 3443, 3451, 6502, 8085, 11178],
  "middle00_L_head": [
    1696,
    1743,
    1769,
    1792,
    1793,
    3537,
    3576,
    3579,
    3585,
    3586,
    3641,
    3644,
    3645,
    3650,
    3669,
    6398
  ],
  "bcs_muscle_01_L_head": [
    255,
    256,
    259,
    260,
    261,
    264,
    265,
    266,
    3182,
    3199,
    3200,
    3205,
    3206,
    3209,
    3271,
    3272,
    3346,
    3347,
    3371,
    3372,
    3374
  ],
  "lwrl_muscle_03_T_L_head": [5555, 5559, 5565, 5583],
  "nk_muscle_01_L_head": [115, 134, 141, 142, 145, 146],
  "shld_muscle02_T_R_tail": [7893, 7894, 7895, 7896, 7949, 7950],
  "IK_control_a_R_head": [
    7722,
    8182,
    8183,
    8184,
    8325,
    8330,
    8331,
    8337,
    11039,
    11040,
    11044,
    11048,
    11049,
    11050,
    11051,
    11052,
    11053,
    11054
  ],
  "bcs_muscle_01_H_R_head": [
    353,
    354,
    355,
    536,
    549,
    550,
    7845,
    7846,
    7856,
    17672,
    17673,
    17815,
    17839,
    17842,
    17852,
    17896,
    17905,
    17916,
    17922,
    17925,
    17930
  ],
  "index00_L_tail": [3538, 3541, 3561, 3562, 3571],
  "struct_ft02_L_head": [4512, 4568, 4569, 4604, 4611, 4613, 5404, 5405],
  "nk_muscle_02_H_R_head": [
    331,
    336,
    341,
    344,
    345,
    351,
    353,
    361,
    17684,
    17795,
    17896,
    17914,
    17915,
    17916,
    17917,
    17927,
    17928,
    17929,
    17930,
    17931,
    17932,
    17933,
    17934,
    17935,
    17936
  ],
  "lgs_muscle_04_T_L_tail": [5838, 5843, 6245, 6247],
  "bk_muscle_02_R_tail": [
    7828,
    7829,
    8077,
    8078,
    17657,
    17671,
    17676,
    17677,
    17820,
    17829,
    17858,
    17859,
    17860,
    17868,
    17871,
    17952
  ],
  "lowerarm_L_tail": [
    1770,
    3534,
    3535,
    3536,
    3677,
    3682,
    3683,
    3689,
    6382,
    6383,
    6387,
    6391,
    6392,
    6393,
    6394,
    6395,
    6396,
    6397
  ],
  "ring02_L_head": [4002, 4119, 4121],
  "index01_L_head": [3538, 3541, 3561, 3562, 3571],
  "middle02_L_head": [3824, 3941, 3943],
  "lgs_muscle_02_T_R_head": [10383, 10461, 10876, 10883],
  "struct_ft03_R_head": [
    10273,
    10917,
    10918,
    10919,
    10920,
    10922,
    10924,
    10925
  ],
  "nk_muscle_01_T_R_tail": [
    17292,
    17294,
    17296,
    17298,
    17461,
    17462,
    17463,
    17464,
    17474,
    17480,
    17481,
    17484
  ],
  "thumb01_L_head": [
    1696,
    1703,
    1721,
    1727,
    1743,
    1769,
    1775,
    1788,
    1792,
    1793,
    3576,
    3579,
    3584,
    3585,
    3586,
    3644
  ],
  "lwrm_muscle_04_L_head": [3227, 3230, 3239, 3240, 3241, 3242],
  "lgs_muscle_04_T_R_tail": [10486, 10491, 10894, 10896],
  "lowerarm_L_head": [
    3313,
    3319,
    3320,
    3321,
    3322,
    3323,
    3324,
    3327,
    3328,
    3329,
    3362,
    3364,
    3365,
    3369,
    3370,
    3380,
    3390,
    3391,
    3500,
    3503,
    6421
  ],
  "foot_L_head": [5625, 6268, 6269, 6270, 6271, 6273, 6275, 6276],
  "lwrl_muscle_04_H_R_head": [10304, 10305, 10361, 10499, 10500, 10502],
  "rot_helper04_R_head": [
    10273,
    10917,
    10918,
    10919,
    10920,
    10922,
    10924,
    10925
  ],
  "toes_R_tail": [9686, 9687, 9688, 9689, 9690, 9691],
  "upperarm_L_tail": [
    3313,
    3319,
    3320,
    3321,
    3322,
    3323,
    3324,
    3327,
    3328,
    3329,
    3362,
    3364,
    3365,
    3369,
    3370,
    3380,
    3390,
    3391,
    3500,
    3503,
    6421
  ],
  "ring01_R_head": [8188, 8190, 8199, 8200, 8217],
  "pinky00_L_head": [
    1729,
    1734,
    1772,
    1779,
    1791,
    1795,
    3534,
    3574,
    3577,
    3581,
    3597,
    3598,
    3631,
    3632,
    3633,
    3639,
    3642,
    3648,
    3649,
    3651,
    3662,
    3663,
    3664,
    3667
  ],
  "index00_R_tail": [8186, 8189, 8209, 8210, 8219],
  "lgs_muscle_04_L_tail": [
    1264,
    1266,
    1286,
    1304,
    1308,
    1310,
    1312,
    1324,
    1325,
    1343,
    1344,
    1345,
    5930,
    5932,
    5933
  ],
  "upperarm_L_head": [
    253,
    293,
    294,
    295,
    554,
    562,
    17660,
    17693,
    17840,
    17845,
    17891,
    17893,
    17897,
    17898
  ],
  "lwrm_muscle_02_H_L_tail": [3323, 3327, 3367, 3368, 3390, 3391],
  "IK_control_ebw_R_tail": [7967],
  "index02_R_head": [7378, 8341, 8343],
  "lwrl_muscle_04_T_L_head": [5593, 5604, 5605, 5621, 6276],
  "lwrl_muscle_02_T_R_tail": [
    10123,
    10127,
    10130,
    10134,
    10179,
    10180,
    10181,
    10183,
    10184,
    10185,
    10187,
    10188,
    10189
  ],
  "lwrm_muscle_03_H_L_tail": [3279, 3369, 3495, 3496, 3497, 6420, 6421],
  "lgs_muscle_03_R_head": [
    10946,
    10959,
    11143,
    11148,
    11149,
    11152,
    11212,
    11224,
    11226
  ],
  "abd_muscle_01_T_R_tail": [
    17813,
    17819,
    17823,
    17866,
    17867,
    17947,
    17949,
    17954
  ],
  "lgs_muscle_05_H_R_tail": [
    10769,
    10787,
    10788,
    10789,
    10793,
    10811,
    10812,
    10813
  ],
  "lwrl_muscle_02_L_head": [1372, 5764, 5903, 5937, 5980, 5981],
  "rot_helper06_L_head": [
    6173,
    6175,
    6177,
    6190,
    6191,
    6193,
    6196,
    6199,
    6200,
    6201,
    6296,
    6297,
    6299,
    6300,
    6301,
    6302,
    6303,
    6304,
    6308,
    6309,
    6311,
    6313,
    6341,
    6342,
    6343,
    10963
  ],
  "lgs_muscle_04_H_R_tail": [
    10815,
    10817,
    10818,
    10837,
    10839,
    10840,
    10944,
    10946,
    10947,
    11218,
    11224,
    11225
  ],
  "lwrl_muscle_01_H_L_tail": [6243, 6244, 6245, 6246],
  "lwrl_muscle_03_H_L_head": [1280, 1306, 1362, 1363, 1373, 1377],
  "lwrl_muscle_02_H_L_tail": [1372, 5764, 5903, 5937, 5980, 5981],
  "calf_L_head": [
    1280,
    1305,
    1362,
    1373,
    1375,
    1377,
    5639,
    5725,
    5739,
    5742,
    5748,
    5768,
    5770,
    5823,
    6227,
    6228,
    6231,
    6232
  ],
  "abd_muscle_01_H_L_tail": [
    6411,
    6412,
    6481,
    6482,
    6484,
    6485,
    6530,
    6531,
    11142,
    11143,
    11209
  ],
  "breast_L_head": [
    3173,
    3417,
    3424,
    3425,
    3427,
    3432,
    3433,
    3446,
    3448,
    17812,
    17814,
    17857,
    17869,
    17941,
    17950
  ],
  "upperarm_R_head": [
    327,
    354,
    355,
    356,
    550,
    17673,
    17842,
    17852,
    17896,
    17904,
    17905,
    17916,
    17922,
    17925
  ],
  "lgs_muscle_03_L_tail": [
    5645,
    5647,
    5667,
    5668,
    5692,
    5693,
    5872,
    5875,
    5964,
    5965,
    5968,
    5969,
    5985,
    5986
  ],
  "nk_muscle_01_L_tail": [128, 139, 147, 149],
  "IK_control_fg02_L_tail": [3540],
  "thumb01_R_head": [
    7648,
    7655,
    7673,
    7679,
    7695,
    7721,
    7727,
    7740,
    7744,
    7745,
    8224,
    8227,
    8232,
    8233,
    8234,
    8292
  ],
  "lwrm_muscle_01_R_head": [7900, 7922],
  "lwrl_muscle_04_H_L_tail": [5638, 5734, 5906, 5907],
  "lwrm_muscle_04_H_R_tail": [7885, 7888, 7897, 7898, 7899, 7900],
  "middle02_R_head": [8472, 8589, 8591],
  "pct_muscle_01_T_L_tail": [3193, 3213, 3215, 3216, 3218, 3219, 3233],
  "lgs_muscle_03_T_R_head": [
    10293,
    10295,
    10315,
    10316,
    10340,
    10341,
    10520,
    10523,
    10612,
    10613,
    10616,
    10617,
    10633,
    10634
  ],
  "pinky03_R_tail": [8883, 8920, 8937],
  "nk_muscle_02_H_R_tail": [
    326,
    342,
    343,
    344,
    345,
    362,
    475,
    501,
    502,
    503,
    536,
    17670,
    17684,
    17905
  ],
  "toes_L_head": [4512, 4568, 4569, 4604, 4611, 4613, 5404, 5405],
  "IK_control_hd_tail": [7812],
  "lgs_muscle_02_L_head": [
    6282,
    6294,
    6315,
    6318,
    6319,
    6320,
    6321,
    6323,
    6330,
    6399,
    6410,
    6411,
    6449,
    6491,
    6492,
    6531,
    11108,
    11161,
    11164,
    11209
  ],
  "tcs_muscle_01_T_L_head": [3320, 3321, 3370, 3394, 3403, 3500],
  "thumb02_R_head": [
    7644,
    7645,
    7647,
    7652,
    7653,
    7660,
    7661,
    7662,
    7663,
    7664,
    7668,
    7682,
    7710,
    7711,
    7712,
    7713,
    7714,
    7715,
    7716,
    7718,
    7730,
    8238,
    8239,
    8240
  ],
  "lgs_muscle_04_H_L_tail": [
    6167,
    6169,
    6170,
    6189,
    6191,
    6192,
    6295,
    6297,
    6298,
    6536,
    6542,
    6543
  ],
  "lgs_muscle_02_T_R_tail": [
    10411,
    10480,
    10481,
    10482,
    10483,
    10485,
    10488,
    10489,
    10511,
    10512,
    10582,
    10583
  ],
  "ring03_L_tail": [4057, 4094, 4111],
  "thumb01_R_tail": [
    7644,
    7645,
    7647,
    7652,
    7653,
    7660,
    7661,
    7662,
    7663,
    7664,
    7668,
    7682,
    7710,
    7711,
    7712,
    7713,
    7714,
    7715,
    7716,
    7718,
    7730,
    8238,
    8239,
    8240
  ],
  "pelvis_head": [6493, 6494, 11159, 11160, 11167, 11168],
  "bcs_muscle_01_R_head": [
    329,
    330,
    333,
    334,
    335,
    338,
    339,
    340,
    7840,
    7857,
    7858,
    7863,
    7864,
    7867,
    7912,
    7913,
    7987,
    7988,
    8012,
    8013,
    8015
  ],
  "middle01_R_head": [8188, 8189, 8194, 8195, 8216],
  "lgs_muscle_02_R_head": [
    10931,
    10943,
    10965,
    10969,
    10970,
    10971,
    10972,
    10975,
    10982,
    11056,
    11067,
    11068,
    11108,
    11109,
    11158,
    11161,
    11164,
    11166,
    11209,
    11212
  ],
  "thumb01_L_tail": [
    1692,
    1693,
    1695,
    1700,
    1701,
    1708,
    1709,
    1710,
    1711,
    1712,
    1716,
    1730,
    1758,
    1759,
    1760,
    1761,
    1762,
    1763,
    1764,
    1766,
    1778,
    3590,
    3591,
    3592
  ],
  "nk_muscle_03_head": [219, 220, 316, 484, 485, 519, 592, 602, 606],
  "ring01_R_tail": [8650, 8767, 8769],
  "lwrm_muscle_02_R_head": [7964, 7968, 8008, 8009, 8031, 8032],
  "foot_R_head": [10273, 10917, 10918, 10919, 10920, 10922, 10924, 10925],
  "tcs_muscle_01_T_R_tail": [7981, 7984, 8039],
  "head_tail": [2251, 2831, 3251, 7787, 7901, 7902, 16678, 17258, 17599],
  "glt_muscle_02_H_L_head": [
    6350,
    6354,
    6365,
    6441,
    6443,
    6445,
    6463,
    6464,
    6465,
    6473,
    6475,
    6516,
    6518,
    6520,
    6526,
    6527
  ],
  "shld_muscle01_H_R_head": [397, 459, 464, 607, 608, 609, 610, 614, 619],
  "lwrl_muscle_03_R_tail": [10203, 10207, 10213, 10231],
  "IK_control_ebw_L_head": [3391],
  "lwrm_muscle_04_H_L_head": [
    3216,
    3218,
    3219,
    3221,
    3222,
    3224,
    3235,
    3264,
    3304,
    3314,
    3315,
    17704
  ],
  "ring03_L_head": [4040, 4137, 4139],
  "rot_helper03_L_tail": [6071, 6072, 6081, 6082, 6095, 6096, 6105, 6106],
  "struct_hd_head": [
    2191,
    2555,
    2558,
    2597,
    2828,
    2830,
    2833,
    2836,
    2838,
    2839,
    16206,
    16618,
    16982,
    16985,
    17024,
    17255,
    17257,
    17260,
    17263,
    17265,
    17266,
    17619
  ],
  "tcs_muscle_01_T_R_head": [7961, 7962, 8011, 8035, 8044, 8148],
  "lwrl_muscle_02_R_tail": [
    10230,
    10246,
    10249,
    10250,
    10266,
    10273,
    10918,
    10919
  ],
  "shld_muscle02_L_tail": [
    297,
    298,
    299,
    556,
    558,
    560,
    3192,
    3193,
    3194,
    3272,
    3372,
    17680,
    17682,
    17685
  ],
  "index03_L_head": [1464, 3711, 3713],
  "bk_muscle_02_L_head": [
    6294,
    6323,
    6330,
    6333,
    6346,
    6348,
    6349,
    6545,
    6546,
    10991
  ],
  "thumb03_R_head": [7471, 8990, 8992],
  "spine01_tail": [
    6354,
    6364,
    6423,
    6427,
    6432,
    6437,
    6439,
    6503,
    6516,
    6521,
    6523,
    6541,
    11008,
    11021,
    11081,
    11085,
    11090,
    11095,
    11097,
    11179,
    11183,
    11194,
    11199,
    11202,
    11217,
    11223,
    17960,
    17961,
    17968
  ],
  "lwrm_muscle_02_T_R_tail": [7657, 7659, 7677, 7684, 7685, 7690, 7732, 8223],
  "lwrm_muscle_02_H_R_tail": [7964, 7968, 8008, 8009, 8031, 8032],
  "root_tail": [
    4356,
    4357,
    4358,
    4359,
    4360,
    4361,
    4372,
    4373,
    4374,
    4375,
    4376,
    4377,
    4378,
    4379,
    4380,
    4381,
    4382,
    4383,
    4389,
    4390,
    4391,
    4392,
    4393,
    4394,
    4407,
    4408,
    4409,
    4410,
    4411,
    4412,
    4443,
    4444,
    4447,
    4448,
    4451,
    4454,
    4459,
    4460,
    4469,
    4473,
    4474,
    4476,
    4479,
    4480,
    4481,
    4485,
    4486,
    4487,
    4649,
    4650,
    9004,
    9005,
    9006,
    9007,
    9008,
    9009,
    9020,
    9021,
    9022,
    9023,
    9024,
    9025,
    9026,
    9027,
    9028,
    9029,
    9030,
    9031,
    9037,
    9038,
    9039,
    9040,
    9041,
    9042,
    9055,
    9056,
    9057,
    9058,
    9059,
    9060,
    9091,
    9092,
    9095,
    9096,
    9099,
    9102,
    9107,
    9108,
    9117,
    9121,
    9122,
    9124,
    9127,
    9128,
    9129,
    9133,
    9134,
    9135,
    9297,
    9298
  ],
  "lwrl_muscle_03_R_head": [7264, 7266, 7318, 7319],
  "lgs_muscle_02_H_R_head": [
    11056,
    11057,
    11066,
    11067,
    11113,
    11148,
    11149,
    11151,
    11152,
    11230
  ],
  "nk_muscle_01_R_head": [379, 398, 405, 406, 409, 410],
  "glt_muscle_02_H_L_tail": [
    6325,
    6326,
    6327,
    6354,
    6361,
    6362,
    6363,
    6365,
    6440,
    6441,
    6443,
    6445,
    6446
  ],
  "IK_control_ft_R_head": [
    10273,
    10917,
    10918,
    10919,
    10920,
    10922,
    10924,
    10925
  ],
  "bcs_muscle_01_T_L_head": [
    3284,
    3285,
    3286,
    3287,
    3324,
    3329,
    3332,
    3333,
    3501,
    3502,
    3503,
    3504,
    3505,
    3506,
    6367,
    6368
  ],
  "pct_muscle_01_T_R_head": [
    7840,
    7841,
    7846,
    7847,
    7856,
    7857,
    7858,
    7859,
    17673,
    17674
  ],
  "tcs_muscle_01_H_L_tail": [17826, 17827, 17832, 17844, 17897],
  "rot_helper01_R_tail": [
    7216,
    7218,
    7238,
    7256,
    7260,
    7262,
    7264,
    7276,
    7277,
    7295,
    7296,
    7297,
    10578,
    10580,
    10581
  ],
  "calf_L_tail": [5625, 6268, 6269, 6270, 6271, 6273, 6275, 6276],
  "lgs_muscle_05_T_R_tail": [
    7194,
    7195,
    7198,
    7199,
    7207,
    7208,
    7303,
    7304,
    7305,
    7306,
    10350,
    10575,
    10576,
    10614,
    10615,
    10618,
    10619,
    10624,
    10625
  ],
  "spine02_head": [
    6354,
    6364,
    6423,
    6427,
    6432,
    6437,
    6439,
    6503,
    6516,
    6521,
    6523,
    6541,
    11008,
    11021,
    11081,
    11085,
    11090,
    11095,
    11097,
    11179,
    11183,
    11194,
    11199,
    11202,
    11217,
    11223,
    17960,
    17961,
    17968
  ],
  "shld_muscle01_R_tail": [7851, 7852, 7853, 17666, 17667, 17669, 17920],
  "bk_muscle_02_H_R_head": [
    10816,
    10819,
    10821,
    10823,
    10838,
    10841,
    10995,
    10996
  ],
  "lwrm_muscle_04_R_tail": [
    7721,
    7722,
    8314,
    8337,
    11048,
    11049,
    11050,
    11051,
    11052,
    11053,
    11054,
    11055
  ],
  "bcs_muscle_01_L_tail": [
    3284,
    3285,
    3286,
    3287,
    3324,
    3329,
    3332,
    3333,
    3501,
    3502,
    3503,
    3504,
    3505,
    3506,
    6367,
    6368
  ],
  "lwrl_muscle_03_H_R_tail": [7264, 7266, 7318, 7319],
  "shld_muscle01_H_L_tail": [126, 127, 154, 155, 157, 203, 204, 205, 421],
  "shld_muscle01_H_R_tail": [390, 391, 419, 420, 422, 468, 469, 470, 616],
  "struct_ft01_L_head": [5496, 5504, 5512, 5513, 5514, 5515, 5516],
  "abd_muscle_01_R_tail": [8065, 8084, 8085, 8087, 8088, 8096, 11177, 11178],
  "struct_ft01_R_tail": [
    10196,
    10197,
    10200,
    10201,
    10204,
    10210,
    10211,
    10212,
    10215,
    10216,
    10915,
    10921
  ],
  "pinky02_L_tail": [4218, 4315, 4317],
  "rot_helper02_L_tail": [
    3284,
    3285,
    3286,
    3287,
    3324,
    3329,
    3332,
    3333,
    3501,
    3502,
    3503,
    3504,
    3505,
    3506,
    6367,
    6368
  ],
  "IK_control_hip_pos_tail": [10967],
  "ring03_R_tail": [8705, 8742, 8759],
  "lwrm_muscle_01_H_R_tail": [7900, 7922],
  "lowerarm_twist_L_tail": [
    3290,
    3291,
    3292,
    3293,
    3294,
    3295,
    3343,
    3344,
    3358,
    3359,
    3360,
    3385,
    3387,
    3407,
    3408,
    3491,
    3519,
    3520
  ],
  "glt_muscle_02_T_L_head": [6168, 6169, 6170, 6171, 6190, 6191, 6192, 6193],
  "spn_muscle_01_T_head": [
    281,
    282,
    300,
    301,
    302,
    351,
    361,
    543,
    552,
    555,
    557,
    17667,
    17678,
    17679,
    17681,
    17692,
    17892,
    17911,
    17912,
    17913,
    17914,
    17917,
    17919,
    17920,
    17921,
    17924,
    17926,
    17927,
    17928,
    17932
  ],
  "rot_helper01_L_head": [
    1280,
    1305,
    1362,
    1373,
    1375,
    1377,
    5639,
    5725,
    5739,
    5742,
    5748,
    5768,
    5770,
    5823,
    6227,
    6228,
    6231,
    6232
  ],
  "shld_muscle01_L_head": [126, 127, 154, 155, 157, 203, 204, 205, 421],
  "lwrl_muscle_01_T_L_head": [5477, 5479, 5484, 5486, 5531, 5532, 5535, 5536],
  "lwrm_muscle_04_T_R_tail": [
    7643,
    7647,
    7651,
    7656,
    7687,
    7734,
    7735,
    7736,
    8237,
    8239,
    8244,
    8260,
    8307,
    8308,
    8309,
    8318,
    8323,
    8326
  ],
  "lwrm_muscle_04_H_R_head": [
    7874,
    7876,
    7877,
    7879,
    7880,
    7882,
    7893,
    7905,
    7945,
    7955,
    7956,
    17712
  ],
  "pinky00_R_tail": [8187, 8190, 8204, 8205, 8218],
  "lwrl_muscle_02_R_head": [7324, 10412, 10551, 10585, 10628, 10629],
  "hand_L_head": [
    1770,
    3534,
    3535,
    3536,
    3677,
    3682,
    3683,
    3689,
    6382,
    6383,
    6387,
    6391,
    6392,
    6393,
    6394,
    6395,
    6396,
    6397
  ],
  "lwrm_muscle_01_T_R_tail": [7664, 7695, 8213, 8224, 8227, 8241, 8292],
  "IK_control_fg01_R_tail": [8188],
  "toes_L_tail": [5038, 5039, 5040, 5041, 5042, 5043],
  "pinky03_L_head": [4218, 4315, 4317],
  "middle03_R_tail": [8527, 8564, 8581],
  "nk_muscle_04_T_tail": [
    1943,
    1944,
    1945,
    1949,
    1950,
    2435,
    2437,
    2438,
    2439,
    2440,
    7761,
    7801,
    16370,
    16371,
    16372,
    16376,
    16377,
    16862,
    16864,
    16865,
    16866,
    16867
  ],
  "index03_L_tail": [1482, 1637, 1656],
  "abd_muscle_01_T_L_tail": [
    17793,
    17814,
    17818,
    17857,
    17869,
    17948,
    17950,
    17955
  ],
  "pinky01_L_tail": [4180, 4297, 4299],
  "neck_head": [
    143,
    156,
    194,
    196,
    197,
    198,
    199,
    219,
    242,
    315,
    321,
    372,
    376,
    377,
    407,
    459,
    461,
    462,
    463,
    464,
    484,
    506,
    535,
    567,
    568,
    589,
    590,
    591,
    592,
    593,
    594,
    597,
    599,
    600,
    601,
    602,
    603,
    604,
    605,
    606,
    607,
    608,
    611,
    613,
    614,
    615,
    617,
    620
  ],
  "IK_control_fg03_R_head": [7659],
  "IK_control_usp_head": [8110],
  "tcs_muscle_01_L_head": [17826, 17827, 17832, 17844, 17897],
  "lgs_muscle_01_L_tail": [1263, 5725, 5860, 5947],
  "thigh_L_head": [
    6173,
    6175,
    6177,
    6190,
    6191,
    6193,
    6196,
    6199,
    6200,
    6201,
    6296,
    6297,
    6299,
    6300,
    6302,
    6303,
    6304,
    6341,
    6342,
    6343
  ],
  "neck_tail": [
    149,
    413,
    2191,
    2555,
    2558,
    2597,
    2828,
    2829,
    2830,
    2833,
    2836,
    2838,
    2839,
    16206,
    16618,
    16982,
    16985,
    17024,
    17255,
    17256,
    17257,
    17260,
    17263,
    17265,
    17266,
    17619
  ],
  "bk_muscle_02_T_L_tail": [144, 154, 157, 202, 203, 204, 207, 208, 209],
  "middle03_L_tail": [3879, 3916, 3933],
  "lwrm_muscle_03_H_L_head": [
    3220,
    3223,
    3226,
    3276,
    3277,
    3278,
    3306,
    3309,
    3351,
    3352,
    3377,
    3378,
    3379
  ],
  "pinky00_L_tail": [3539, 3542, 3556, 3557, 3570],
  "lgs_muscle_03_R_tail": [
    10293,
    10295,
    10315,
    10316,
    10340,
    10341,
    10520,
    10523,
    10612,
    10613,
    10616,
    10617,
    10633,
    10634
  ],
  "shld_muscle01_T_L_tail": [
    3216,
    3218,
    3219,
    3220,
    3221,
    3222,
    3223,
    3224,
    3233,
    3235,
    3236,
    3238,
    3264,
    3276,
    3277,
    3304,
    3305,
    3306,
    3308,
    3309,
    3314,
    3315,
    3351,
    3352,
    3377,
    3379,
    17703,
    17704
  ],
  "thumb03_L_head": [1519, 4342, 4344],
  "middle00_R_head": [
    7648,
    7695,
    7721,
    7744,
    7745,
    8185,
    8224,
    8227,
    8233,
    8234,
    8289,
    8292,
    8293,
    8298,
    8317,
    11055
  ],
  "spine03_tail": [
    236,
    237,
    250,
    251,
    252,
    255,
    256,
    257,
    268,
    269,
    271,
    284,
    317,
    324,
    325,
    326,
    329,
    330,
    331,
    342,
    343,
    345,
    352,
    501,
    502,
    512,
    537,
    538,
    545,
    546,
    548,
    553,
    3166,
    3169,
    3202,
    3203,
    3207,
    3267,
    3298,
    3299,
    3301,
    3431,
    6431,
    7821,
    7822,
    7825,
    7826,
    7860,
    7861,
    7865,
    7907,
    7908,
    7939,
    7940,
    7942,
    11089,
    17656,
    17670,
    17684,
    17695,
    17696,
    17698,
    17706,
    17720,
    17791,
    17793,
    17794,
    17795,
    17800,
    17801,
    17802,
    17803,
    17804,
    17810,
    17812,
    17818,
    17819,
    17822,
    17823,
    17824,
    17825,
    17856,
    17857,
    17861,
    17862,
    17864,
    17866,
    17867,
    17869,
    17906,
    17907,
    17909,
    17940,
    17942,
    17947,
    17948,
    17951,
    17952,
    17953
  ],
  "lgs_muscle_03_T_R_tail": [
    10278,
    10314,
    10323,
    10328,
    10338,
    10339,
    10519,
    10524,
    10610,
    10618
  ],
  "calf_twist_R_head": [
    7232,
    7257,
    7314,
    7325,
    7327,
    7329,
    10287,
    10373,
    10387,
    10390,
    10396,
    10416,
    10418,
    10471,
    10876,
    10877,
    10880,
    10881
  ],
  "tcs_muscle_01_H_R_tail": [17830, 17831, 17838, 17851, 17904],
  "rot_helper03_L_head": [
    6173,
    6175,
    6177,
    6190,
    6191,
    6193,
    6196,
    6199,
    6200,
    6201,
    6296,
    6297,
    6299,
    6300,
    6301,
    6302,
    6303,
    6304,
    6308,
    6309,
    6311,
    6313,
    6341,
    6342,
    6343,
    10963
  ],
  "lgs_muscle_03_H_R_tail": [
    10946,
    10959,
    11143,
    11148,
    11149,
    11152,
    11212,
    11224,
    11226
  ],
  "pinky01_R_head": [8187, 8190, 8204, 8205, 8218],
  "lgs_muscle_01_T_L_head": [1263, 5725, 5860, 5947],
  "IK_control_fg06_R_head": [7659],
  "abd_muscle_01_L_head": [
    6411,
    6412,
    6481,
    6482,
    6484,
    6485,
    6530,
    6531,
    11142,
    11143,
    11209
  ],
  "IK_control_hip_pos_head": [6493, 6494, 11159, 11160, 11167, 11168],
  "nk_muscle_01_H_R_tail": [379, 398, 405, 406, 409, 410],
  "IK_control_fg05_R_head": [7659],
  "lgs_muscle_01_R_tail": [7215, 10373, 10508, 10595],
  "IK_control_kn_L_tail": [6240],
  "lwrl_muscle_04_H_L_head": [5656, 5657, 5713, 5851, 5852, 5854],
  "nk_muscle_02_T_L_head": [
    132,
    133,
    188,
    189,
    190,
    193,
    194,
    195,
    196,
    197,
    198,
    199,
    239,
    242,
    243,
    244,
    245,
    246,
    247,
    589,
    591,
    595,
    597
  ],
  "pelvis_tail": [
    6400,
    6401,
    6402,
    6407,
    6408,
    6409,
    6412,
    6413,
    6414,
    11057,
    11058,
    11059,
    11064,
    11065,
    11066,
    11069,
    11070,
    11071
  ],
  "glt_muscle_02_H_R_head": [
    11004,
    11008,
    11022,
    11100,
    11102,
    11104,
    11123,
    11124,
    11125,
    11133,
    11135,
    11194,
    11196,
    11198,
    11205,
    11206
  ],
  "IK_control_fg06_R_tail": [8188],
  "ring00_L_head": [
    1770,
    1789,
    3537,
    3574,
    3580,
    3581,
    3642,
    3643,
    3646,
    3647,
    3649,
    3650,
    3665,
    3666,
    3669,
    3688,
    3689,
    3691,
    6398
  ],
  "lgs_muscle_01_H_L_head": [6315, 6318, 6321, 6399, 6400, 6409, 6410, 6411],
  "tcs_muscle_01_R_head": [17830, 17831, 17838, 17851, 17904],
  "thigh_R_head": [
    10821,
    10823,
    10825,
    10838,
    10839,
    10841,
    10844,
    10847,
    10848,
    10849,
    10945,
    10946,
    10948,
    10949,
    10951,
    10952,
    10953,
    10995,
    10996,
    10997
  ],
  "bk_muscle_02_H_L_head": [6168, 6171, 6173, 6175, 6190, 6193, 6341, 6342],
  "middle02_R_tail": [8510, 8607, 8609],
  "IK_control_ebw_R_head": [8032],
  "nk_muscle_02_L_tail": [
    132,
    133,
    188,
    189,
    190,
    193,
    194,
    195,
    196,
    197,
    198,
    199,
    239,
    242,
    243,
    244,
    245,
    246,
    247,
    589,
    591,
    595,
    597
  ],
  "hand_R_tail": [
    7648,
    7721,
    8185,
    8222,
    8227,
    8228,
    8229,
    8260,
    8290,
    8291,
    8293,
    8294,
    8295,
    8297,
    8298,
    8313,
    8314,
    8317,
    8318,
    8323,
    11055
  ],
  "rot_helper04_L_head": [
    5625,
    6268,
    6269,
    6270,
    6271,
    6273,
    6275,
    6276
  ],
  "tcs_muscle_01_R_tail": [7961, 7962, 8011, 8035, 8044, 8148],
  "pct_muscle_01_T_R_tail": [7851, 7871, 7873, 7874, 7876, 7877, 7891],
  "IK_control_fg05_L_head": [1707],
  "lwrm_muscle_03_R_head": [7920, 8010, 8143, 8144, 8145, 11077, 11078],
  "bk_muscle_02_T_L_head": [
    547,
    3171,
    3172,
    3433,
    3434,
    17659,
    17664,
    17675,
    17687,
    17821,
    17828,
    17853,
    17854,
    17855,
    17870,
    17953
  ],
  "nk_muscle_01_T_L_head": [128, 139, 147, 149],
  "lgs_muscle_01_H_R_tail": [
    10843,
    10944,
    10947,
    10955,
    10957,
    10960,
    10966,
    10985,
    10998,
    11000
  ],
  "glt_muscle_02_T_L_tail": [
    6110,
    6111,
    6112,
    6114,
    6134,
    6135,
    6136,
    6138,
    6140,
    6141,
    6164,
    6165
  ],
  "lwrm_muscle_02_T_L_tail": [1705, 1707, 1725, 1732, 1733, 1738, 1780, 3575],
  "IK_control_fg02_R_tail": [8188],
  "middle01_L_head": [3540, 3541, 3546, 3547, 3568],
  "IK_control_hl_L_head": [5499],
  "lgs_muscle_02_H_L_tail": [
    6282,
    6294,
    6315,
    6318,
    6319,
    6320,
    6321,
    6323,
    6330,
    6399,
    6410,
    6411,
    6449,
    6491,
    6492,
    6531,
    11108,
    11161,
    11164,
    11209
  ],
  "spine03_head": [
    3173,
    3417,
    3442,
    3443,
    3446,
    3448,
    3450,
    3451,
    3454,
    3456,
    3466,
    3469,
    6358,
    7830,
    7834,
    8058,
    8087,
    8088,
    8091,
    8093,
    8095,
    8096,
    8099,
    8101,
    8110,
    8112,
    8114,
    8116,
    11013,
    17809
  ],
  "lwrl_muscle_01_T_L_tail": [
    4520,
    4575,
    4576,
    4611,
    4612,
    4613,
    5404,
    5405,
    5406,
    5417,
    5418,
    5419,
    5430,
    5431,
    5432
  ],
  "lwrm_muscle_03_T_R_head": [7723, 8320, 8334, 8391, 11042],
  "IK_control_fg01_R_head": [7659],
  "lgs_muscle_04_R_tail": [
    7216,
    7218,
    7238,
    7256,
    7260,
    7262,
    7264,
    7276,
    7277,
    7295,
    7296,
    7297,
    10578,
    10580,
    10581
  ],
  "lwrm_muscle_04_T_L_tail": [
    1691,
    1695,
    1699,
    1704,
    1735,
    1782,
    1783,
    1784,
    3589,
    3591,
    3596,
    3612,
    3659,
    3660,
    3661,
    3670,
    3675,
    3678
  ],
  "shld_muscle02_T_L_head": [
    297,
    298,
    299,
    556,
    558,
    560,
    3192,
    3193,
    3194,
    3272,
    3372,
    17680,
    17682,
    17685
  ],
  "struct_ft02_R_tail": [10144, 10152, 10160, 10161, 10162, 10163, 10164],
  "lwrl_muscle_02_T_R_head": [
    10230,
    10246,
    10249,
    10250,
    10266,
    10273,
    10918,
    10919
  ],
  "middle00_L_tail": [3540, 3541, 3546, 3547, 3568],
  "struct_ft03_L_head": [5625, 6268, 6269, 6270, 6271, 6273, 6275, 6276],
  "lowerarm_twist_R_head": [
    7954,
    7960,
    7961,
    7962,
    7963,
    7964,
    7965,
    7968,
    7969,
    7970,
    8003,
    8005,
    8006,
    8010,
    8011,
    8021,
    8031,
    8032,
    8148,
    8151,
    11078
  ],
  "ring02_L_tail": [4040, 4137, 4139],
  "lgs_muscle_01_T_R_tail": [7227, 10379, 10380, 10593, 10692, 10697],
  "calf_R_head": [
    7232,
    7257,
    7314,
    7325,
    7327,
    7329,
    10287,
    10373,
    10387,
    10390,
    10396,
    10416,
    10418,
    10471,
    10876,
    10877,
    10880,
    10881
  ],
  "lgs_muscle_03_H_L_head": [
    6324,
    6352,
    6353,
    6453,
    6496,
    6532,
    6533,
    6537,
    6538,
    6547,
    6548,
    6549,
    17981,
    17982,
    17985
  ],
  "IK_control_h_L_head": [
    1770,
    3534,
    3535,
    3536,
    3677,
    3682,
    3683,
    3689,
    6382,
    6383,
    6387,
    6391,
    6392,
    6393,
    6394,
    6395,
    6396,
    6397
  ],
  "spn_muscle_01_H_head": [6191, 6543, 10839, 11225],
  "abd_muscle_01_H_R_head": [10842, 10946, 10948, 10959, 10961, 11129, 11211],
  "nk_muscle_01_H_L_head": [17661, 17668, 17781, 17782, 17783],
  "IK_control_hd_head": [7811],
  "lwrl_muscle_04_T_R_tail": [10078, 10085, 10086, 10088, 10094, 10095],
  "thigh_twist_L_tail": [
    1296,
    1297,
    1299,
    1300,
    1338,
    1339,
    1360,
    1361,
    5671,
    5676,
    5682,
    5685,
    5698,
    5699,
    5700,
    5701,
    5951,
    5952,
    6071,
    6072,
    6074,
    6075,
    6079,
    6080,
    6081,
    6082,
    6090,
    6095,
    6096,
    6098,
    6099,
    6103,
    6104,
    6105,
    6106,
    6114
  ],
  "lgs_muscle_03_L_head": [
    6297,
    6309,
    6481,
    6482,
    6485,
    6531,
    6542,
    6544,
    11143
  ],
  "lgs_muscle_02_T_L_head": [5735, 5813, 6227, 6234],
  "shld_muscle01_H_L_head": [133, 194, 199, 200, 593, 594, 595, 596, 600],
  "IK_control_fg04_L_tail": [3540],
  "struct_ft02_L_tail": [5496, 5504, 5512, 5513, 5514, 5515, 5516],
  "lwrl_muscle_03_L_head": [1312, 1314, 1366, 1367],
  "bcs_muscle_01_H_R_tail": [
    329,
    330,
    333,
    334,
    335,
    338,
    339,
    340,
    7840,
    7857,
    7858,
    7863,
    7864,
    7867,
    7912,
    7913,
    7987,
    7988,
    8012,
    8013,
    8015
  ],
  "rot_helper01_L_tail": [
    1264,
    1266,
    1286,
    1304,
    1308,
    1310,
    1312,
    1324,
    1325,
    1343,
    1344,
    1345,
    5930,
    5932,
    5933
  ],
  "lgs_muscle_02_R_tail": [10383, 10461, 10876, 10883],
  "pct_muscle_01_H_R_head": [
    224,
    225,
    226,
    248,
    253,
    276,
    293,
    563,
    565,
    3173,
    3174,
    3417,
    3464,
    3465,
    3466,
    17799,
    17805,
    17807,
    17812,
    17941,
    17946
  ],
  "pinky01_R_tail": [8828, 8945, 8947],
  "index03_R_head": [7416, 8359, 8361],
  "index01_R_tail": [7378, 8341, 8343],
  "IK_control_ts_R_head": [9160, 9216, 9217, 9252, 9259, 9261, 10052, 10053],
  "lwrm_muscle_02_L_head": [3323, 3327, 3367, 3368, 3390, 3391],
  "glt_muscle_02_R_head": [
    10977,
    10978,
    10979,
    11008,
    11018,
    11019,
    11020,
    11022,
    11098,
    11100,
    11102,
    11104,
    11105
  ],
  "IK_control_fg01_L_head": [1707],
  "nk_muscle_02_T_L_tail": [
    132,
    188,
    190,
    191,
    192,
    193,
    239,
    242,
    243,
    244,
    245,
    246,
    314,
    321,
    396,
    453,
    455,
    456,
    457,
    458,
    504,
    506,
    507,
    508,
    509,
    510
  ],
  "lwrm_muscle_03_L_head": [3279, 3369, 3495, 3496, 3497, 6420, 6421],
  "pinky02_R_tail": [8866, 8963, 8965],
  "lwrl_muscle_01_T_R_head": [
    10125,
    10127,
    10132,
    10134,
    10179,
    10180,
    10183,
    10184
  ],
  "pinky02_L_head": [4180, 4297, 4299],
  "lgs_muscle_01_H_R_head": [
    10965,
    10969,
    10972,
    11056,
    11057,
    11066,
    11067,
    11068
  ],
  "lwrl_muscle_01_H_L_head": [
    5751,
    5753,
    5813,
    5814,
    5815,
    5816,
    6235,
    6236,
    6237,
    6238
  ],
  "lwrm_muscle_04_H_L_tail": [3227, 3230, 3239, 3240, 3241, 3242],
  "breast_R_head": [
    7830,
    8058,
    8068,
    8069,
    8071,
    8076,
    8077,
    8091,
    8093,
    17810,
    17813,
    17866,
    17867,
    17943,
    17949
  ],
  "struct_ft01_R_head": [10144, 10152, 10160, 10161, 10162, 10163, 10164],
  "lwrm_muscle_01_L_tail": [3599, 3684, 3685, 3742, 3777, 3782, 3787, 6395],
  "lgs_muscle_03_H_R_head": [
    10976,
    11006,
    11007,
    11113,
    11170,
    11213,
    11214,
    11219,
    11220,
    11229,
    11230,
    11232,
    17984,
    17987,
    17988
  ],
  "lwrl_muscle_02_H_R_head": [
    10309,
    10337,
    10338,
    10350,
    10575,
    10576,
    10614,
    10615,
    10618,
    10619,
    10624,
    10625
  ],
  "struct_nk_tail": [133, 137, 234, 239, 397, 401, 499, 504],
  "nk_muscle_03_tail": [
    2195,
    2196,
    2818,
    2819,
    2820,
    2821,
    16622,
    16623,
    17245,
    17246,
    17247,
    17248
  ],
  "abd_muscle_01_H_R_tail": [
    11068,
    11069,
    11142,
    11143,
    11148,
    11149,
    11151,
    11152,
    11209,
    11211,
    11212
  ],
  "rot_helper06_L_tail": [1296, 1297, 1337, 1338, 1339, 5682, 5685, 5700, 5701],
  "IK_control_ft_R_tail": [10231],
  "lgs_muscle_05_L_head": [6121, 6139, 6140, 6141, 6145, 6163, 6164, 6165],
  "ring02_R_head": [8650, 8767, 8769],
  "lwrl_muscle_04_T_L_tail": [5430, 5437, 5438, 5440, 5446, 5447],
  "lwrm_muscle_03_T_L_head": [1771, 3672, 3686, 3743, 6385],
  "shld_muscle02_H_L_head": [
    114,
    115,
    117,
    141,
    145,
    221,
    222,
    223,
    229,
    230,
    231,
    306,
    317,
    318,
    17779,
    17780,
    17781,
    17782,
    17783,
    17784,
    17906,
    17907
  ],
  "lwrl_muscle_02_T_L_tail": [
    5475,
    5479,
    5482,
    5486,
    5531,
    5532,
    5533,
    5535,
    5536,
    5537,
    5539,
    5540,
    5541
  ],
  "upperarm_twist_L_head": [
    253,
    293,
    294,
    295,
    554,
    562,
    17660,
    17693,
    17840,
    17845,
    17891,
    17893,
    17897,
    17898
  ],
  "ring01_L_head": [3540, 3542, 3551, 3552, 3569],
  "lwrm_muscle_02_H_L_head": [
    3308,
    3311,
    3494,
    17703,
    17704,
    17723,
    17725,
    17726
  ],
  "nk_muscle_01_R_tail": [392, 403, 411, 413],
  "thumb03_R_tail": [7470, 8970, 8975],
  "nk_muscle_01_T_L_tail": [
    2865,
    2867,
    2869,
    2871,
    3034,
    3035,
    3036,
    3037,
    3047,
    3053,
    3054,
    3057
  ],
  "shld_muscle02_R_head": [
    346,
    381,
    383,
    488,
    489,
    490,
    564,
    17796,
    17797,
    17798
  ],
  "glt_muscle_02_L_tail": [6168, 6169, 6170, 6171, 6190, 6191, 6192, 6193],
  "shld_muscle02_H_R_tail": [
    346,
    381,
    383,
    488,
    489,
    490,
    564,
    17796,
    17797,
    17798
  ],
  "lwrl_muscle_03_T_R_head": [10203, 10207, 10213, 10231],
  "lgs_muscle_03_T_L_tail": [
    5630,
    5666,
    5675,
    5680,
    5690,
    5691,
    5871,
    5876,
    5962,
    5970
  ],
  "lwrm_muscle_01_T_L_head": [3599, 3684, 3685, 3742, 3777, 3782, 3787, 6395],
  "index02_R_tail": [7416, 8359, 8361],
  "struct_ft03_R_tail": [9160, 9216, 9217, 9252, 9259, 9261, 10052, 10053],
  "thigh_twist_R_head": [
    10821,
    10823,
    10825,
    10838,
    10839,
    10841,
    10844,
    10847,
    10848,
    10849,
    10945,
    10946,
    10948,
    10949,
    10951,
    10952,
    10953,
    10995,
    10996,
    10997
  ],
  "IK_control_ft_L_tail": [5583],
  "pct_muscle_01_H_L_tail": [
    284,
    512,
    537,
    538,
    545,
    546,
    548,
    553,
    3166,
    3169,
    3179,
    3187,
    3190,
    3429,
    3431,
    6431,
    7821,
    7822,
    7825,
    7826,
    7837,
    7845,
    7848,
    8073,
    8074,
    11089,
    17656,
    17671,
    17687,
    17688,
    17793,
    17818,
    17819,
    17822,
    17823,
    17824,
    17825,
    17951
  ],
  "upperarm_twist_R_tail": [
    7851,
    7871,
    7872,
    7873,
    7874,
    7875,
    7876,
    7891,
    7903,
    7905,
    7906,
    7955,
    17713,
    17714,
    17715,
    17716
  ],
  "lwrm_muscle_03_T_R_tail": [7666, 7667, 8215, 8249, 8286],
  "bk_muscle_02_H_R_tail": [
    10943,
    10975,
    10982,
    10985,
    10991,
    11000,
    11002,
    11003,
    11227,
    11228
  ],
  "ring00_L_tail": [3540, 3542, 3551, 3552, 3569],
  "pct_muscle_01_L_head": [
    284,
    512,
    537,
    538,
    545,
    546,
    548,
    553,
    3166,
    3169,
    3179,
    3187,
    3190,
    3429,
    3431,
    6431,
    7821,
    7822,
    7825,
    7826,
    7837,
    7845,
    7848,
    8073,
    8074,
    11089,
    17656,
    17671,
    17687,
    17688,
    17793,
    17818,
    17819,
    17822,
    17823,
    17824,
    17825,
    17951
  ],
  "lgs_muscle_05_R_tail": [
    7208,
    7211,
    7241,
    7306,
    7307,
    7309,
    10350,
    10611,
    10613,
    10619,
    10632,
    10633
  ],
  "lowerarm_R_tail": [
    7722,
    8182,
    8183,
    8184,
    8325,
    8330,
    8331,
    8337,
    11039,
    11040,
    11044,
    11048,
    11049,
    11050,
    11051,
    11052,
    11053,
    11054
  ],
  "IK_control_a_L_tail": [1707],
  "bk_muscle_02_H_L_tail": [
    6294,
    6323,
    6330,
    6333,
    6346,
    6348,
    6349,
    6545,
    6546,
    10991
  ],
  "hand_L_tail": [
    1696,
    1769,
    3537,
    3574,
    3579,
    3580,
    3581,
    3612,
    3642,
    3643,
    3645,
    3646,
    3647,
    3649,
    3650,
    3665,
    3666,
    3669,
    3670,
    3675,
    6398
  ],
  "IK_control_usp_tail": [17906],
  "bcs_muscle_01_T_R_tail": [7971, 7981, 7983, 7984, 8022, 8026, 8046, 8048],
  "glt_muscle_02_T_R_head": [
    10816,
    10817,
    10818,
    10819,
    10838,
    10839,
    10840,
    10841
  ],
  "lwrm_muscle_04_T_R_head": [
    7721,
    7722,
    8314,
    8337,
    11048,
    11049,
    11050,
    11051,
    11052,
    11053,
    11054,
    11055
  ],
  "breast_L_tail": [17644],
  "upperarm_R_tail": [
    7954,
    7960,
    7961,
    7962,
    7963,
    7964,
    7965,
    7968,
    7969,
    7970,
    8003,
    8005,
    8006,
    8010,
    8011,
    8021,
    8031,
    8032,
    8148,
    8151,
    11078
  ],
  "lgs_muscle_04_T_L_head": [
    1264,
    1266,
    1286,
    1304,
    1308,
    1310,
    1312,
    1324,
    1325,
    1343,
    1344,
    1345,
    5930,
    5932,
    5933
  ],
  "nk_muscle_02_R_tail": [
    396,
    397,
    453,
    454,
    455,
    458,
    459,
    460,
    461,
    462,
    463,
    464,
    504,
    506,
    507,
    508,
    509,
    510,
    511,
    603,
    605,
    609,
    611
  ],
  "lgs_muscle_04_H_R_head": [
    10962,
    10968,
    10970,
    10976,
    10981,
    10983,
    10991,
    11227,
    11228,
    17988,
    17989
  ],
  "clavicle_L_tail": [
    253,
    258,
    293,
    294,
    295,
    554,
    562,
    17660,
    17693,
    17816,
    17840,
    17845,
    17891,
    17893,
    17897,
    17898
  ],
  "pinky01_L_head": [3539, 3542, 3556, 3557, 3570],
  "lgs_muscle_01_T_R_head": [7215, 10373, 10508, 10595],
  "lgs_muscle_02_T_L_tail": [
    5763,
    5832,
    5833,
    5834,
    5835,
    5837,
    5840,
    5841,
    5863,
    5864,
    5934,
    5935
  ],
  "IK_control_fg05_R_tail": [8188],
  "lwrl_muscle_04_L_tail": [5593, 5604, 5605, 5621, 6276],
  "bcs_muscle_01_T_L_tail": [3330, 3340, 3342, 3343, 3381, 3385, 3405, 3407],
  "head_head": [
    149,
    413,
    2191,
    2555,
    2558,
    2597,
    2828,
    2829,
    2830,
    2833,
    2836,
    2838,
    2839,
    16206,
    16618,
    16982,
    16985,
    17024,
    17255,
    17256,
    17257,
    17260,
    17263,
    17265,
    17266,
    17619
  ],
  "nk_muscle_01_H_R_head": [17689, 17690, 17786, 17787, 17788],
  "IK_control_fg06_L_tail": [3540],
  "lwrm_muscle_01_T_R_head": [8247, 8332, 8333, 8390, 8425, 8430, 8435, 11052],
  "IK_control_fg02_R_head": [7659],
  "bk_muscle_02_R_head": [
    10943,
    10975,
    10982,
    10985,
    10991,
    11000,
    11002,
    11003,
    11227,
    11228
  ],
  "lwrl_muscle_04_R_tail": [10241, 10252, 10253, 10269, 10925],
  "IK_control_ts_L_tail": [5038, 5039, 5040, 5041, 5042, 5043],
  "shld_muscle02_R_tail": [
    358,
    359,
    360,
    541,
    542,
    544,
    7850,
    7851,
    7852,
    7913,
    8013,
    17665,
    17666,
    17669
  ],
  "IK_control_fg03_R_tail": [8188],
  "lwrm_muscle_01_L_head": [3242, 3281],
  "lowerarm_twist_L_head": [
    3313,
    3319,
    3320,
    3321,
    3322,
    3323,
    3324,
    3327,
    3328,
    3329,
    3362,
    3364,
    3365,
    3369,
    3370,
    3380,
    3390,
    3391,
    3500,
    3503,
    6421
  ],
  "calf_twist_R_tail": [
    7265,
    7266,
    7267,
    7268,
    7269,
    7271,
    7297,
    7298,
    7318,
    7319,
    7320,
    7321,
    10469,
    10470,
    10486,
    10487,
    10491,
    10492,
    10560,
    10561,
    10892,
    10893,
    10894,
    10895,
    10896,
    10897,
    10900,
    10901
  ],
  "nk_muscle_02_H_L_head": [
    257,
    262,
    267,
    270,
    271,
    272,
    273,
    274,
    275,
    281,
    282,
    283,
    290,
    291,
    292,
    300,
    301,
    302,
    17800,
    17803,
    17891,
    17892,
    17893,
    17894,
    17911
  ],
  "lgs_muscle_04_L_head": [
    6167,
    6169,
    6170,
    6189,
    6191,
    6192,
    6295,
    6297,
    6298,
    6536,
    6542,
    6543
  ],
  "rot_helper04_R_tail": [
    10125,
    10127,
    10132,
    10134,
    10179,
    10180,
    10183,
    10184
  ],
  "IK_control_fg06_L_head": [1707],
  "spn_muscle_01_T_tail": [
    201,
    206,
    211,
    466,
    471,
    476,
    593,
    594,
    595,
    596,
    597,
    598,
    607,
    608,
    609,
    610,
    611,
    612
  ],
  "rot_helper03_R_tail": [
    10719,
    10720,
    10729,
    10730,
    10743,
    10744,
    10753,
    10754
  ],
  "struct_hd_tail": [
    2409,
    2410,
    16207,
    16209,
    16213,
    16215,
    16836,
    16837,
    17620,
    17622,
    17626,
    17628
  ],
  "tcs_muscle_01_L_tail": [3320, 3321, 3370, 3394, 3403, 3500],
  "IK_control_lsp_tail": [11015],
  "lwrl_muscle_01_H_R_head": [
    10399,
    10401,
    10461,
    10462,
    10463,
    10464,
    10884,
    10885,
    10886,
    10887
  ],
  "lgs_muscle_05_H_R_head": [
    10817,
    10819,
    10839,
    10841,
    10852,
    10930,
    10931,
    10946,
    10956,
    11079,
    11109,
    11161,
    11162,
    11164,
    11218,
    11224,
    11225
  ],
  "rot_helper02_R_tail": [
    7925,
    7926,
    7927,
    7928,
    7965,
    7970,
    7973,
    7974,
    8149,
    8150,
    8151,
    8152,
    8153,
    8154,
    11024,
    11025
  ],
  "upperarm_twist_L_tail": [
    3193,
    3213,
    3214,
    3215,
    3216,
    3217,
    3218,
    3233,
    3262,
    3264,
    3265,
    3314,
    17699,
    17700,
    17709,
    17710
  ],
  "nk_muscle_04_tail": [
    2408,
    2410,
    2429,
    2430,
    2431,
    2432,
    2603,
    2604,
    2740,
    2745,
    2750,
    2751,
    16835,
    16837,
    16856,
    16857,
    16858,
    16859,
    17030,
    17031,
    17167,
    17172,
    17177,
    17178
  ],
  "lwrl_muscle_03_H_R_head": [7232, 7258, 7314, 7315, 7325, 7329]
}
