{
  "structural": {
    "Head_SizeZ": 0.53,
    "Legs_LowerlegLength": 0.56,
    "Torso_SizeX": 0.53,
    "Neck_TrapeziousSize": 0.7,
    "Hands_Size": 0.54,
    "Neck_Back": 0.64,
    "Neck_Length": 0.41,
    "Arms_ForearmLength": 0.42,
    "Torso_Length": 0.42,
    "Body_Size": 0.45,
    "Legs_UpperlegLength": 0.53,
    "Pelvis_SizeY": 0.47,
    "Eyes_Size": 0.54,
    "Face_Ellipsoid": 0.59,
    "Mouth_SizeX": 0.44,
    "Face_Parallelepiped": 0.6,
    "Mouth_LowerlipSizeZ": 0.36,
    "Nose_SeptumFlat": 0.67,
    "Forehead_Temple": 0.41,
    "Nose_BaseSizeX": 0.41,
    "Chin_SizeX": 0.59,
    "Nose_Curve": 0.54,
    "Eyelids_OuterPosZ": 0.36,
    "Mouth_UpperlipSizeZ": 0.41,
    "Eyes_PosZ": 0.45,
    "Chin_Prominence": 0.68,
    "Jaw_ScaleX": 0.67,
    "Head_CraniumDolichocephalic": 0.64,
    "Nose_SizeY": 0.42,
    "Nose_WingBackFlat": 0.6,
    "Nose_TipSize": 0.54,
    "Eyebrows_Angle": 0.3,
    "Eyes_PosX": 0.48,
    "Nose_NostrilSizeX": 0.4,
    "Eyes_TypeHooded": 0.37,
    "Eyebrows_PosZ": 0.42,
    "Nose_WingAngle": 0.45,
    "Forehead_Angle": 0.6,
    "Mouth_PosZ": 0.56,
    "Chin_SizeZ": 0.6
  }
}