{
  "structural": {
    "Nose_TipAngle": 0.59,
    "Chin_SizeX": 0.56,
    "Nose_BaseSizeZ": 0.23,
    "Legs_UpperlegLength": 0.35,
    "Jaw_Prominence": 0.65,
    "Eyes_OuterPosZ": 0.71,
    "Torso_SizeX": 0.62,
    "Torso_Vshape": 0.44,
    "Nose_BasePosZ": 0.59,
    "Cheeks_Zygom": 0.59,
    "Legs_LowerlegLength": 0.44,
    "Eyes_TypeAlmond": 0.89,
    "Torso_Dorsi": 0.59,
    "Chin_Prominence": 0.62,
    "Jaw_ScaleX": 0.45,
    "Nose_TipPosZ": 0.56,
    "Nose_GlabellaPosZ": 0.62,
    "Nose_TipSize": 0.62,
    "Neck_Size": 0.53,
    "Mouth_PosZ": 0.68,
    "Nose_Curve": 0.29,
    "Eyes_SizeZ": 0.29,
    "Head_CraniumDolichocephalic": 0.17,
    "Neck_Length": 0.41,
    "Eyes_Size": 0.32,
    "Mouth_SizeX": 0.59,
    "Body_Size": 0.49,
    "Mouth_LowerlipSizeZ": 0.35
  }
}
