{
  "structural": {
    "Eyes_InnerPosX": 0.47,
    "Legs_LowerlegLength": 0.23,
    "Forehead_SizeZ": 0.38,
    "Head_SizeX": 0.6,
    "Eyes_InnerPosZ": 0.17,
    "Mouth_LowerlipVolume": 0.41,
    "Chin_SizeZ": 0.23,
    "Neck_TrapeziousSize": 0.62,
    "Nose_SizeY": 0.44,
    "Face_Ellipsoid": 0.29,
    "Nose_TipAngle": 0.65,
    "Nose_Curve": 0.2,
    "Mouth_LowerlipSizeZ": 0.23,
    "Hands_Size": 0.41,
    "Legs_UpperlegLength": 0.44,
    "Torso_Length": 0.65,
    "Nose_NostrilSizeX": 0.59,
    "Neck_Length": 0.38,
    "Eyes_PosX": 0.56,
    "Head_Size": 0.6,
    "Chin_Prominence": 0.32,
    "Body_Size": 0.41,
    "Torso_Vshape": 0.41,
    "Arms_UpperarmLength": 0.71,
    "Nose_GlabellaSizeY": 0.41
  }
}
