{
  "structural": {
    "Legs_LowerlegLength": 0.42,
    "Neck_TrapeziousSize": 0.69,
    "Pelvis_SizeX": 0.59,
    "Torso_Vshape": 0.45,
    "Neck_Length": 0.45,
    "Arms_ForearmLength": 0.52,
    "Arms_UpperarmLength": 0.51,
    "Body_Size": 0.49,
    "Legs_UpperlegLength": 0.43,
    "Pelvis_GluteusMass": 0.57,
    "Nose_PosY": 0.52,
    "Eyes_Size": 0.52,
    "Eyes_TypeAlmond": 0.95,
    "Face_Ellipsoid": 0.75,
    "Nose_TipAngle": 0.45,
    "Mouth_LowerlipSizeZ": 0.35,
    "Chin_Cleft": 0.57,
    "Jaw_Prominence": 0.52,
    "Nose_GlabellaSizeX": 0.55,
    "Nose_Curve": 0.55,
    "Mouth_UpperlipSizeZ": 0.44,
    "Nose_TipPosZ": 0.41,
    "Head_CraniumDolichocephalic": 0.58,
    "Nose_SizeY": 0.51,
    "Eyes_SizeZ": 0.52,
    "Nose_GlabellaSizeY": 0.51,
    "Eyes_PosX": 0.48,
    "Nose_NostrilSizeX": 0.52,
    "Eyebrows_PosZ": 0.28,
    "Forehead_Angle": 0.46
  }
}