{
  "structural": {
    "Legs_LowerlegLength": 0.54,
    "Torso_SizeX": 0.52,
    "Neck_TrapeziousSize": 0.67,
    "Hands_Size": 0.52,
    "Pelvis_SizeX": 0.53,
    "Torso_Vshape": 0.4,
    "Neck_Back": 0.57,
    "Neck_Length": 0.46,
    "Arms_ForearmLength": 0.48,
    "Arms_UpperarmLength": 0.52,
    "Torso_Length": 0.46,
    "Body_Size": 0.51,
    "Legs_UpperlegLength": 0.52,
    "Pelvis_GluteusMass": 0.52,
    "Eyes_TypeAlmond": 0.62,
    "Face_Ellipsoid": 0.58,
    "Mouth_SizeX": 0.44,
    "Face_Parallelepiped": 0.55,
    "Mouth_LowerlipSizeZ": 0.34,
    "Nose_SeptumFlat": 0.72,
    "Forehead_Temple": 0.41,
    "Chin_SizeX": 0.55,
    "Nose_Curve": 0.42,
    "Eyelids_OuterPosZ": 0.43,
    "Mouth_UpperlipSizeZ": 0.41,
    "Eyes_PosZ": 0.48,
    "Nose_TipPosZ": 0.48,
    "Chin_Prominence": 0.6,
    "Jaw_ScaleX": 0.55,
    "Head_CraniumDolichocephalic": 0.66,
    "Nose_SizeY": 0.46,
    "Nose_TipSize": 0.57,
    "Nose_SeptumRolled": 0.6,
    "Nose_GlabellaSizeY": 0.44,
    "Eyebrows_Angle": 0.38,
    "Eyes_PosX": 0.48,
    "Nose_NostrilSizeX": 0.48,
    "Eyes_TypeHooded": 0.78,
    "Eyebrows_PosZ": 0.42,
    "Nose_WingAngle": 0.42,
    "Forehead_Angle": 0.59,
    "Nose_NostrilDiam": 0.38,
    "Chin_SizeZ": 0.58
  }
}