{
  "structural": {
    "Chin_Prominence": 0.71,
    "Pelvis_SizeY": 0.45,
    "Mouth_PosZ": 0.62,
    "Forehead_Angle": 0.65,
    "Face_Ellipsoid": 0.56,
    "Nose_BaseSizeX": 0.23,
    "Legs_LowerlegLength": 0.62,
    "Nose_Curve": 0.59,
    "Eyes_Size": 0.59,
    "Mouth_LowerlipSizeZ": 0.23,
    "Jaw_ScaleX": 0.32,
    "Neck_Length": 0.4,
    "Eyes_TypeHooded": 0.0,
    "Nose_WingBackFlat": 0.71,
    "Neck_TrapeziousSize": 0.53,
    "Head_SizeX": 0.59,
    "Forehead_SizeZ": 0.56,
    "Eyes_PosX": 0.44,
    "Nose_TipSize": 0.38,
    "Eyebrows_Angle": 0.35,
    "Nose_SeptumFlat": 0.83,
    "Body_Size": 0.42,
    "Legs_UpperlegLength": 0.56,
    "Torso_Vshape": 0.41,
    "Mouth_SizeX": 0.38,
    "Mouth_UpperlipSizeZ": 0.32,
    "Forehead_Temple": 0.32,
    "Head_SizeZ": 0.56,
    "Nose_NostrilSizeX": 0.53,
    "Head_CraniumDolichocephalic": 0.74,
    "Nose_WingAngle": 0.41,
    "Chin_SizeZ": 0.56
  }
}
