{
  "manuellab_vers": [1, 4, 0],
  "materialproperties": {},
  "structural": {
    "Chin_Prominence": 0.98,
    "Torso_Mass": 0.0,
    "Shoulders_Tone": 0.0,
    "Forehead_SizeX": 0.98,
    "Legs_UpperlegsMass": 0.0,
    "Torso_Tone": 0.0,
    "Ears_SizeZ": 0.92,
    "Arms_ForearmTone": 0.0,
    "Nose_TipAngle": 0.2,
    "Arms_ForearmMass": 0.0,
    "Hands_PalmLength": 1.0,
    "Eyes_InnerPosZ": 0.17,
    "Legs_LowerlegLength": 1.0,
    "Forehead_SizeZ": 0.98,
    "Neck_Mass": 0.0,
    "Head_Size": 0.0,
    "Hands_FingersLength": 1.0,
    "Neck_Length": 0.52,
    "Torso_SizeX": 0.0,
    "Arms_UpperarmMass": 0.0,
    "Torso_BreastMass": 0.72,
    "Chin_SizeX": 0.08,
    "Nose_TipSize": 0.35,
    "Torso_Length": 1.0,
    "Cheeks_Mass": 0.0,
    "Arms_ForearmLength": 1.0,
    "Nose_GlabellaSizeX": 0.98,
    "Ears_SizeY": 0.0,
    "Legs_LowerlegsMass": 0.0,
    "Legs_UpperlegsTone": 0.0,
    "Arms_UpperarmTone": 0.0,
    "Neck_Tone": 0.0,
    "Shoulders_Mass": 0.0,
    "Forehead_Temple": 0.23,
    "Nose_GlabellaPosZ": 0.17,
    "Eyebrows_Angle": 0.74,
    "Legs_LowerlegsTone": 0.0
  },
  "metaproperties": {
    "last_character_tone": 0.0,
    "last_character_age": 0.0,
    "character_age": 0.0,
    "character_tone": 0.0,
    "last_character_mass": 0.0,
    "character_mass": 0.0
  },
  "proportions": {}
}
