{
  "structural": {
    "Legs_LowerlegLength": 0.34,
    "Torso_SizeX": 0.6,
    "Head_SizeX": 0.45,
    "Waist_Size": 0.59,
    "Torso_Length": 0.72,
    "Head_Size": 0.57,
    "Body_Size": 0.49,
    "Legs_UpperlegLength": 0.36,
    "Nose_PosY": 0.57,
    "Face_Ellipsoid": 0.47,
    "Mouth_SizeX": 0.62,
    "Nose_TipAngle": 0.47,
    "Cheeks_ZygomPosZ": 0.52,
    "Face_Parallelepiped": 0.53,
    "Mouth_LowerlipSizeZ": 0.39,
    "Eyes_OuterPosZ": 0.29,
    "Nose_NostrilSizeY": 0.49,
    "Jaw_Prominence": 0.53,
    "Eyelids_Angle": 0.42,
    "Nose_Curve": 0.55,
    "Mouth_UpperlipSizeZ": 0.44,
    "Eyes_PosZ": 0.53,
    "Eyelids_Crease": 0.78,
    "Nose_TipPosZ": 0.42,
    "Chin_Prominence": 0.41,
    "Cheeks_Mass": 0.46,
    "Jaw_LocY": 0.42,
    "Eyes_PosX": 0.45,
    "Jaw_Angle": 0.65,
    "Nose_NostrilSizeX": 0.55,
    "Eyes_TypeHooded": 0.53,
    "Cheeks_Zygom": 0.54,
    "Forehead_Angle": 0.35
  }
}