{
  "structural": {
    "Mouth_LowerlipSizeZ": 0.29,
    "Cheeks_ZygomPosZ": 0.59,
    "Cheeks_Mass": 0.35,
    "Eyes_OuterPosZ": 0.26,
    "Jaw_Angle": 0.68,
    "Forehead_Angle": 0.0,
    "Nose_NostrilSizeX": 0.71,
    "Nose_TipPosZ": 0.41,
    "Cheeks_Zygom": 0.68,
    "Eyes_PosX": 0.29,
    "Eyelids_Crease": 0.83,
    "Nose_NostrilSizeY": 0.47,
    "Mouth_UpperlipSizeZ": 0.32,
    "Nose_PosY": 0.8,
    "Jaw_Prominence": 0.62,
    "Body_Size": 0.48,
    "Nose_TipAngle": 0.38,
    "Nose_Curve": 0.62,
    "Eyes_PosZ": 0.62,
    "Mouth_SizeX": 0.62
  }
}
