{
  "manuellab_vers": [1, 4, 0],
  "materialproperties": {},
  "structural": {
    "Legs_UpperlegInCurve": 0.26,
    "Pelvis_GluteusMass": 0.61,
    "Shoulders_Tone": 0.59,
    "Shoulders_PosZ": 0.56,
    "Arms_ForearmTone": 0.77,
    "Torso_BreastTone": 0.71,
    "Pelvis_GluteusSize": 0.53,
    "Torso_Length": 0.35,
    "Pelvis_Length": 0.56,
    "Torso_Tone": 0.8,
    "Waist_Size": 0.14,
    "Neck_Collarbone": 0.8,
    "Arms_UpperarmMass": 0.56,
    "Torso_BreastMass": 0.65,
    "Legs_LowerlegLength": 0.74,
    "Pelvis_GluteusTone": 0.68,
    "Torso_SizeY": 0.71,
    "Legs_UpperlegLength": 0.56,
    "Torso_Dorsi": 0.74,
    "Legs_LowerlegsMass": 0.59,
    "Legs_UpperlegsTone": 0.71,
    "Arms_UpperarmTone": 0.68,
    "Neck_Tone": 0.71,
    "Shoulders_Mass": 0.62,
    "Torso_BreastPosX": 0.65,
    "Legs_LowerlegsTone": 0.95
  },
  "metaproperties": {
    "last_character_tone": 0.0,
    "last_character_age": 0.0,
    "character_age": 0.0,
    "character_tone": 0.0,
    "last_character_mass": 0.0,
    "character_mass": 0.0
  },
  "proportions": {}
}
