{
  "manuellab_vers": [1, 4, 0],
  "materialproperties": {},
  "structural": {
    "Arms_UpperarmMass": 0.68,
    "Pelvis_GluteusSize": 0.59,
    "Waist_Size": 0.86,
    "Legs_UpperlegsTone": 0.26,
    "Pelvis_SizeX": 0.8,
    "Legs_UpperlegsMass": 0.71,
    "Legs_UpperlegInCurve": 0.23,
    "Shoulders_PosZ": 0.17,
    "Shoulders_Length": 0.32,
    "Torso_Vshape": 0.38,
    "Stomach_LocalFat": 0.92
  },
  "metaproperties": {
    "last_character_tone": 0.0,
    "last_character_age": 0.0,
    "character_age": 0.0,
    "character_tone": 0.0,
    "last_character_mass": 0.0,
    "character_mass": 0.0
  },
  "proportions": {}
}
