{
  "manuellab_vers": [1, 4, 0],
  "materialproperties": {},
  "structural": {
    "Torso_Vshape": 0.89,
    "Torso_Dorsi": 0.71,
    "Arms_UpperarmMass": 0.65,
    "Pelvis_SizeX": 0.11,
    "Legs_UpperlegsMass": 0.23,
    "Shoulders_Mass": 0.53,
    "Shoulders_PosZ": 0.89
  },
  "metaproperties": {
    "last_character_tone": 0.0,
    "last_character_age": 0.0,
    "character_age": 0.0,
    "character_tone": 0.0,
    "last_character_mass": 0.0,
    "character_mass": 0.0
  },
  "proportions": {}
}
