{
  "manuellab_vers": [1, 4, 0],
  "materialproperties": {},
  "structural": {
    "Feet_Size": 0.82,
    "Torso_SizeX": 0.29,
    "Torso_Length": 0.74,
    "Legs_UpperlegLength": 0.59,
    "Arms_ForearmLength": 0.65,
    "Body_Size": 1.0,
    "Torso_Vshape": 0.35,
    "Hands_Size": 0.83,
    "Neck_Length": 0.62,
    "Head_Size": 0.23,
    "Arms_UpperarmLength": 0.86,
    "Legs_LowerlegLength": 0.74
  },
  "metaproperties": {
    "last_character_tone": 0.0,
    "last_character_age": 0.0,
    "character_age": 0.0,
    "character_tone": 0.0,
    "last_character_mass": 0.0,
    "character_mass": 0.0
  },
  "proportions": {}
}
