{
  "structural": {
    "Waist_Size": 0.3494,
    "Shoulders_SizeX": 0.65,
    "Stomach_Volume": 0.4988,
    "Arms_ForearmTone": 0.95,
    "Cheeks_Mass": 0.44,
    "Pelvis_GluteusMass": 0.44,
    "Legs_LowerlegsTone": 0.95,
    "Shoulders_Tone": 1.0,
    "Legs_UpperlegsTone": 0.95,
    "Stomach_LocalFat": 0.497,
    "Shoulders_SizeX2": 0.44,
    "Wrists_Size": 0.542,
    "Arms_ForearmMass": 0.44,
    "Torso_Mass": 0.44,
    "Abdomen_Mass": 0.71,
    "Neck_Tone": 0.95,
    "Legs_LowerlegsMass": 0.44,
    "Legs_UpperlegsMass": 0.53,
    "Legs_KneeSize": 0.59,
    "Arms_UpperarmTone": 0.95,
    "Cheeks_Tone": 0.95,
    "Arms_UpperarmMass": 0.44,
    "Abdomen_Tone": 1.0,
    "Hands_Mass": 0.44,
    "Torso_Tone": 0.95,
    "Shoulders_Mass": 0.56,
    "Shoulders_Size": 0.05,
    "Neck_Mass": 0.44,
    "Feet_Mass": 0.44,
    "Pelvis_GluteusTone": 0.95
  },
  "metaproperties": {
    "character_tone": 0.45,
    "character_mass": -0.06,
    "last_character_mass": -0.06,
    "last_character_age": 0.0,
    "character_age": 0.0,
    "last_character_tone": 0.45
  },
  "materialproperties": {},
  "proportions": {},
  "manuellab_vers": [1, 6, 0]
}
