{
  "manuellab_vers": [1, 4, 0],
  "materialproperties": {},
  "structural": {
    "Torso_Mass": 0.29,
    "Pelvis_GluteusMass": 0.29,
    "Legs_UpperlegsTone": 0.56,
    "Feet_Mass": 0.29,
    "Legs_UpperlegsMass": 0.29,
    "Wrists_Size": 0.4955,
    "Arms_ForearmTone": 0.56,
    "Torso_BreastTone": 0.512,
    "Cheeks_Mass": 0.23,
    "Shoulders_Tone": 0.56,
    "Torso_Vshape": 0.35,
    "Legs_LowerlegsTone": 0.56,
    "Arms_ForearmSize": 0.38,
    "Arms_UpperarmSize": 0.44,
    "Neck_Mass": 0.29,
    "Legs_LowerlegSize": 0.38,
    "Torso_Tone": 0.56,
    "Waist_Size": 0.3899,
    "Arms_ForearmMass": 0.29,
    "Neck_Collarbone": 0.59,
    "Arms_UpperarmMass": 0.29,
    "Torso_BreastMass": 0.395,
    "Legs_LowerlegLength": 0.59,
    "Stomach_Volume": 0.4958,
    "Pelvis_GluteusTone": 0.56,
    "Neck_Length": 0.68,
    "Legs_UpperlegLength": 0.59,
    "Legs_UpperlegSize": 0.32,
    "Stomach_LocalFat": 0.4895,
    "Legs_KneeSize": 0.302,
    "Arms_UpperarmTone": 0.56,
    "Neck_Tone": 0.56,
    "Shoulders_Mass": 0.29,
    "Hands_Mass": 0.29,
    "Legs_LowerlegsMass": 0.29
  },
  "metaproperties": {
    "last_character_tone": 0.0,
    "last_character_age": 0.0,
    "character_age": 0.0,
    "character_tone": 0.0,
    "last_character_mass": 0.0,
    "character_mass": 0.0
  },
  "proportions": {}
}
