{
  "manuellab_vers": [1, 4, 0],
  "materialproperties": {},
  "structural": {
    "Torso_Mass": 0.62,
    "Pelvis_GluteusSize": 0.74,
    "Waist_Size": 0.0,
    "Torso_BreastMass": 0.68,
    "Shoulders_Length": 0.8,
    "Pelvis_SizeX": 0.59,
    "Stomach_LocalFat": 0.74
  },
  "metaproperties": {
    "last_character_tone": 0.0,
    "last_character_age": 0.0,
    "character_age": 0.0,
    "character_tone": 0.0,
    "last_character_mass": 0.0,
    "character_mass": 0.0
  },
  "proportions": {}
}
