{
  "manuellab_vers": [1, 4, 0],
  "materialproperties": {},
  "structural": {
    "Shoulders_Length": 0.65,
    "Torso_SizeX": 0.83,
    "Torso_Vshape": 0.29,
    "Waist_Size": 0.86,
    "Pelvis_SizeX": 0.32,
    "Stomach_Volume": 0.56,
    "Shoulders_Mass": 0.56,
    "Torso_Length": 0.68,
    "Legs_UpperlegLength": 0.08
  },
  "metaproperties": {
    "last_character_tone": 0.0,
    "last_character_age": 0.0,
    "character_age": 0.0,
    "character_tone": 0.0,
    "last_character_mass": 0.0,
    "character_mass": 0.0
  },
  "proportions": {}
}
