{
  "manuellab_vers": [1, 4, 0],
  "materialproperties": {},
  "structural": {
    "Torso_Length": 0.71,
    "Torso_Mass": 0.44,
    "Feet_Mass": 0.23,
    "Legs_UpperlegsMass": 0.23,
    "Legs_UpperlegInCurve": 0.74,
    "Shoulders_PosZ": 0.14,
    "Forehead_SizeZ": 0.62,
    "Shoulders_Tone": 0.24,
    "Torso_Vshape": 0.38,
    "Legs_LowerlegsTone": 0.32,
    "Arms_ForearmSize": 0.2,
    "Arms_UpperarmSize": 0.17,
    "Neck_Mass": 0.23,
    "Head_Size": 0.59,
    "Torso_ToracicCurve": 1.0,
    "Torso_Tone": 0.38,
    "Neck_Length": 0.56,
    "Chin_Tone": 0.29,
    "Neck_Size": 0.35,
    "Arms_UpperarmMass": 0.38,
    "Legs_LowerlegLength": 0.54,
    "Stomach_Volume": 0.59,
    "Hands_Mass": 0.14,
    "Torso_SizeY": 0.29,
    "Hands_FingersInterDist": 0.38,
    "Legs_UpperlegLength": 0.65,
    "Arms_ForearmLength": 0.65,
    "Feet_Size": 0.62,
    "Legs_UpperlegSize": 0.44,
    "Hands_FingersLength": 1.0,
    "Legs_LowerlegsMass": 0.17,
    "Legs_UpperlegsTone": 0.23,
    "Arms_UpperarmTone": 0.35,
    "Neck_Tone": 0.35,
    "Shoulders_Mass": 0.08,
    "Pelvis_SizeY": 0.02,
    "Neck_Angle": 0.29,
    "Arms_UpperarmLength": 0.59
  },
  "metaproperties": {
    "last_character_tone": 0.0,
    "last_character_age": 0.0,
    "character_age": 0.0,
    "character_tone": 0.0,
    "last_character_mass": 0.0,
    "character_mass": 0.0
  },
  "proportions": {}
}
