{
  "manuellab_vers": [1, 4, 0],
  "materialproperties": {},
  "structural": {
    "Pelvis_GluteusMass": 0.75,
    "Shoulders_Tone": 0.75,
    "Feet_Mass": 0.75,
    "Legs_UpperlegsMass": 0.75,
    "Arms_UpperarmTone": 0.75,
    "Arms_ForearmTone": 0.75,
    "Torso_BreastTone": 0.55,
    "Waist_Size": 0.6,
    "Wrists_Size": 0.55,
    "Neck_Mass": 0.75,
    "Torso_Tone": 0.75,
    "Cheeks_Tone": 0.75,
    "Legs_LowerlegsTone": 0.75,
    "Arms_UpperarmMass": 0.75,
    "Torso_BreastMass": 0.625,
    "Arms_ForearmMass": 0.75,
    "Stomach_Volume": 0.505,
    "Hands_Mass": 0.75,
    "Cheeks_Mass": 0.75,
    "Legs_KneeSize": 0.6,
    "Legs_LowerlegsMass": 0.75,
    "Legs_UpperlegsTone": 0.75,
    "Torso_Mass": 0.75,
    "Neck_Tone": 0.75,
    "Shoulders_Mass": 0.75,
    "Pelvis_GluteusTone": 0.75,
    "Stomach_LocalFat": 0.505
  },
  "metaproperties": {
    "last_character_tone": 0.25,
    "last_character_age": 0.0,
    "character_age": 0.0,
    "character_tone": 0.25,
    "last_character_mass": 0.25,
    "character_mass": 0.25
  },
  "proportions": {}
}
