{
  "manuellab_vers": [1, 4, 0],
  "materialproperties": {},
  "structural": {
    "Pelvis_GluteusMass": 0.56,
    "Legs_KneeSize": 0.536,
    "Feet_Mass": 0.56,
    "Legs_UpperlegsMass": 0.56,
    "Torso_Mass": 0.56,
    "Arms_ForearmTone": 0.62,
    "Torso_BreastTone": 0.524,
    "Arms_ForearmMass": 0.56,
    "Waist_Size": 0.536,
    "Wrists_Size": 0.518,
    "Shoulders_Tone": 0.62,
    "Neck_Mass": 0.56,
    "Torso_Tone": 0.62,
    "Cheeks_Tone": 0.62,
    "Legs_LowerlegsTone": 0.62,
    "Arms_UpperarmMass": 0.56,
    "Torso_BreastMass": 0.53,
    "Legs_LowerlegLength": 0.56,
    "Stomach_Volume": 0.5012,
    "Hands_Mass": 0.56,
    "Cheeks_Mass": 0.56,
    "Legs_UpperlegLength": 0.59,
    "Arms_ForearmLength": 0.65,
    "Legs_LowerlegsMass": 0.56,
    "Legs_UpperlegsTone": 0.62,
    "Arms_UpperarmTone": 0.62,
    "Neck_Tone": 0.62,
    "Shoulders_Mass": 0.56,
    "Arms_UpperarmLength": 0.56,
    "Pelvis_GluteusTone": 0.62,
    "Stomach_LocalFat": 0.5012
  },
  "metaproperties": {
    "last_character_tone": 0.12,
    "last_character_age": 0.0,
    "character_age": 0.0,
    "character_tone": 0.12,
    "last_character_mass": 0.06,
    "character_mass": 0.06
  },
  "proportions": {}
}
