{
  "manuellab_vers": [1, 4, 0],
  "materialproperties": {},
  "structural": {
    "Eyelids_Angle": 0.29,
    "Chin_Prominence": 0.77,
    "Pelvis_GluteusMass": 1.0,
    "Shoulders_Tone": 1.0,
    "Legs_UpperlegsMass": 0.67,
    "Arms_UpperarmTone": 1.0,
    "Arms_ForearmTone": 1.0,
    "Arms_ForearmMass": 1.0,
    "Torso_Vshape": 0.89,
    "Legs_LowerlegsTone": 1.0,
    "Chin_Cleft": 0.98,
    "Neck_Mass": 1.0,
    "Torso_Tone": 1.0,
    "Nose_SizeY": 0.59,
    "Arms_UpperarmMass": 1.0,
    "Torso_BreastMass": 0.71,
    "Legs_LowerlegLength": 0.98,
    "Eyebrows_Angle": 0.71,
    "Pelvis_GluteusTone": 1.0,
    "Legs_UpperlegLength": 0.73,
    "Feet_Size": 0.98,
    "Jaw_Prominence": 0.83,
    "Legs_LowerlegsMass": 1.0,
    "Legs_UpperlegsTone": 1.0,
    "Torso_Mass": 0.49,
    "Neck_Tone": 1.0,
    "Shoulders_Mass": 1.0,
    "Head_Size": 0.38,
    "Arms_UpperarmLength": 0.8
  },
  "metaproperties": {
    "last_character_tone": 0.0,
    "last_character_age": 0.0,
    "character_age": 0.0,
    "character_tone": 0.0,
    "last_character_mass": 0.0,
    "character_mass": 0.0
  },
  "proportions": {}
}
