{
  "manuellab_vers": [1, 4, 0],
  "materialproperties": {},
  "structural": {
    "Shoulders_Tone": 1.0,
    "Feet_Mass": 0.08,
    "Legs_UpperlegsMass": 1.0,
    "Eyebrows_Angle": 0.89,
    "Body_Size": 1.0,
    "Chin_SizeX": 0.98,
    "Torso_Vshape": 0.86,
    "Wrists_Size": 0.71,
    "Legs_LowerlegSize": 1.0,
    "Nose_Curve": 0.11,
    "Legs_LowerlegLength": 0.0,
    "Legs_UpperlegSize": 0.29,
    "Hands_Mass": 1.0,
    "Legs_UpperlegLength": 0.0,
    "Nose_TipSize": 0.59,
    "Legs_LowerlegsMass": 1.0,
    "Legs_UpperlegsTone": 1.0,
    "Arms_UpperarmTone": 1.0,
    "Neck_Tone": 1.0,
    "Forehead_Temple": 0.29,
    "Neck_Size": 0.92,
    "Arms_UpperarmLength": 1.0,
    "Pelvis_GluteusMass": 1.0,
    "Torso_Tone": 1.0,
    "Arms_ForearmMass": 1.0,
    "Arms_ForearmTone": 1.0,
    "Head_Size": 0.0,
    "Neck_Length": 0.2,
    "Legs_LowerlegsTone": 1.0,
    "Arms_ForearmSize": 1.0,
    "Neck_Mass": 1.0,
    "Chin_SizeZ": 0.65,
    "Nose_GlabellaPosZ": 0.74,
    "Forehead_Angle": 0.44,
    "Torso_SizeX": 0.31,
    "Neck_Angle": 0.0,
    "Arms_UpperarmMass": 1.0,
    "Torso_BreastMass": 1.0,
    "Shoulders_Length": 1.0,
    "Legs_AnkleSize": 1.0,
    "Pelvis_GluteusTone": 1.0,
    "Hands_Tone": 1.0,
    "Arms_ForearmLength": 1.0,
    "Feet_Size": 1.0,
    "Jaw_Prominence": 1.0,
    "Hands_FingersDiam": 1.0,
    "Hands_Size": 1.0,
    "Torso_Mass": 1.0,
    "Nose_BaseSizeX": 0.8,
    "Shoulders_Mass": 1.0,
    "Neck_TrapeziousSize": 0.83
  },
  "metaproperties": {
    "last_character_tone": 0.0,
    "last_character_age": 0.0,
    "character_age": 0.0,
    "character_tone": 0.0,
    "last_character_mass": 0.0,
    "character_mass": 0.0
  },
  "proportions": {}
}
