{
  "manuellab_vers": [1, 4, 0],
  "materialproperties": {},
  "structural": {
    "Pelvis_GluteusMass": 0.35,
    "Shoulders_Tone": 0.89,
    "Feet_Mass": 0.35,
    "Legs_UpperlegsMass": 0.35,
    "Arms_UpperarmTone": 0.89,
    "Arms_ForearmTone": 0.89,
    "Arms_ForearmMass": 0.35,
    "Waist_Size": 0.5765,
    "Wrists_Size": 0.5315,
    "Neck_Mass": 0.35,
    "Torso_Tone": 0.89,
    "Cheeks_Tone": 0.89,
    "Legs_LowerlegsTone": 0.89,
    "Arms_UpperarmMass": 0.35,
    "Legs_LowerlegLength": 0.65,
    "Stomach_Volume": 0.497,
    "Hands_Mass": 0.35,
    "Legs_UpperlegsTone": 0.89,
    "Cheeks_Mass": 0.35,
    "Legs_UpperlegLength": 0.62,
    "Legs_LowerlegsMass": 0.35,
    "Legs_KneeSize": 0.578,
    "Torso_Mass": 0.35,
    "Neck_Tone": 0.89,
    "Shoulders_Mass": 0.35,
    "Pelvis_GluteusTone": 0.89,
    "Stomach_LocalFat": 0.4925
  },
  "metaproperties": {
    "last_character_tone": 0.39,
    "last_character_age": 0.0,
    "character_age": 0.0,
    "character_tone": 0.39,
    "last_character_mass": -0.15,
    "character_mass": -0.15
  },
  "proportions": {}
}
