{
  "manuellab_vers": [1, 4, 0],
  "materialproperties": {},
  "structural": {
    "Pelvis_GluteusMass": 0.74,
    "Shoulders_Tone": 0.74,
    "Feet_Mass": 0.74,
    "Legs_UpperlegsMass": 0.74,
    "Arms_UpperarmTone": 0.74,
    "Arms_ForearmTone": 0.74,
    "Waist_Size": 0.596,
    "Wrists_Size": 0.548,
    "Neck_Mass": 0.74,
    "Torso_Tone": 0.74,
    "Cheeks_Tone": 0.74,
    "Legs_LowerlegsTone": 0.74,
    "Arms_UpperarmMass": 0.74,
    "Arms_ForearmMass": 0.74,
    "Stomach_Volume": 0.5048,
    "Hands_Mass": 0.74,
    "Legs_UpperlegsTone": 0.74,
    "Cheeks_Mass": 0.74,
    "Legs_LowerlegsMass": 0.74,
    "Legs_KneeSize": 0.596,
    "Torso_Mass": 0.74,
    "Neck_Tone": 0.74,
    "Shoulders_Mass": 0.74,
    "Pelvis_GluteusTone": 0.74,
    "Stomach_LocalFat": 0.5048
  },
  "metaproperties": {
    "last_character_tone": 0.24,
    "last_character_age": 0.0,
    "character_age": 0.0,
    "character_tone": 0.24,
    "last_character_mass": 0.24,
    "character_mass": 0.24
  },
  "proportions": {}
}
