{
  "manuellab_vers": [1, 4, 0],
  "materialproperties": {},
  "structural": {
    "Arms_UpperarmSize": 0.26,
    "Torso_Vshape": 0.26,
    "Legs_LowerlegLength": 0.56,
    "Legs_UpperlegsTone": 0.62,
    "Arms_ForearmSize": 0.38,
    "Legs_UpperlegsMass": 0.17,
    "Neck_Size": 0.2,
    "Arms_ForearmTone": 0.62,
    "Legs_UpperlegLength": 0.59,
    "Pelvis_SizeX": 0.35
  },
  "metaproperties": {
    "last_character_tone": 0.0,
    "last_character_age": 0.0,
    "character_age": 0.0,
    "character_tone": 0.0,
    "last_character_mass": 0.0,
    "character_mass": 0.0
  },
  "proportions": {}
}
