{
  "manuellab_vers": [1, 4, 0],
  "materialproperties": {},
  "structural": {
    "Neck_Mass": 0.77,
    "Pelvis_GluteusMass": 0.77,
    "Shoulders_Tone": 0.41,
    "Feet_Mass": 0.77,
    "Legs_UpperlegsMass": 0.77,
    "Arms_UpperarmTone": 0.41,
    "Arms_ForearmTone": 0.41,
    "Waist_Size": 0.5531,
    "Wrists_Size": 0.5225,
    "Shoulders_SizeX": 0.26,
    "Torso_Tone": 0.41,
    "Cheeks_Tone": 0.41,
    "Legs_LowerlegsTone": 0.41,
    "Arms_UpperarmMass": 0.77,
    "Arms_ForearmMass": 0.77,
    "Stomach_Volume": 0.5054,
    "Hands_Mass": 0.77,
    "Cheeks_Mass": 0.77,
    "Legs_KneeSize": 0.554,
    "Legs_LowerlegsMass": 0.77,
    "Legs_UpperlegsTone": 0.41,
    "Torso_Mass": 0.77,
    "Neck_Tone": 0.41,
    "Shoulders_Mass": 0.77,
    "Pelvis_GluteusTone": 0.41,
    "Stomach_LocalFat": 0.5054
  },
  "metaproperties": {
    "last_character_tone": -0.09,
    "last_character_age": 0.0,
    "character_age": 0.0,
    "character_tone": -0.09,
    "last_character_mass": 0.27,
    "character_mass": 0.27
  },
  "proportions": {}
}
