{
  "metaproperties": {},
  "structural": {
    "Expressions_cheekSneerL": 0.68,
    "Expressions_browSqueezeL": 1.0,
    "Expressions_eyeClosedPressureL": 0.53,
    "Expressions_mouthSmileL": 0.56,
    "Expressions_mouthClosed": 0.11,
    "Expressions_browsMidVert": 0.98,
    "Expressions_eyeSquintL": 0.59,
    "Expressions_eyesHoriz": 0.95,
    "Expressions_eyeSquintR": 0.56,
    "Expressions_browSqueezeR": 0.98,
    "Expressions_eyeClosedR": 0.53
  },
  "manuellab_vers": [1, 6, 0],
  "materialproperties": {}
}
