{
  "metaproperties": {},
  "structural": {
    "Expressions_eyesHoriz": 0.29,
    "Expressions_browOutVertR": 0.0,
    "Expressions_eyeClosedL": 0.6,
    "Expressions_eyeClosedPressureL": 0.71,
    "Expressions_browOutVertL": 0.32,
    "Expressions_eyeSquintL": 0.56,
    "Expressions_eyeSquintR": 0.56,
    "Expressions_mouthBite": 0.32,
    "Expressions_eyeClosedR": 0.59,
    "Expressions_browSqueezeL": 1.0,
    "Expressions_eyeClosedPressureR": 0.71,
    "Expressions_mouthOpen": 0.41,
    "Expressions_mouthLowerOut": 0.32,
    "Expressions_browsMidVert": 1.0,
    "Expressions_browSqueezeR": 1.0,
    "Expressions_eyesVert": 0.29
  },
  "manuellab_vers": [1, 6, 0],
  "materialproperties": {}
}
