{
  "metaproperties": {},
  "structural": {
    "Expressions_cheekSneerL": 0.68,
    "Expressions_mouthOpenAggr": 0.5,
    "Expressions_jawHoriz": 0.38,
    "Expressions_browSqueezeL": 0.92,
    "Expressions_browOutVertL": 0.62,
    "Expressions_cheekSneerR": 0.59,
    "Expressions_eyeSquintL": 0.74,
    "Expressions_mouthSmile": 0.32,
    "Expressions_browsMidVert": 0.29,
    "Expressions_browSqueezeR": 1.0,
    "Expressions_eyeSquintR": 0.71
  },
  "manuellab_vers": [1, 6, 0],
  "materialproperties": {}
}
