{
  "metaproperties": {},
  "structural": {
    "Expressions_cheekSneerL": 0.77,
    "Expressions_browOutVertR": 1.0,
    "Expressions_mouthClosed": 1.0,
    "Expressions_browOutVertL": 0.92,
    "Expressions_eyeSquintL": 0.56,
    "Expressions_mouthSmile": 0.65,
    "Expressions_eyeSquintR": 0.56,
    "Expressions_mouthSmileL": 0.86,
    "Expressions_eyeClosedR": 0.53,
    "Expressions_eyeClosedL": 0.53,
    "Expressions_cheekSneerR": 0.71,
    "Expressions_browsMidVert": 1.0
  },
  "manuellab_vers": [1, 6, 0],
  "materialproperties": {}
}
