{
  "structural": {
    "Head_Size": 0.53,
    "Feet_Size": 0.29,
    "Neck_TrapeziousSize": 0.53,
    "Cheeks_Zygom": 0.59,
    "Torso_Length": 0.62,
    "Arms_UpperarmLength": 0.65,
    "Eyes_OuterPosZ": 0.29,
    "Body_Size": 0.41,
    "Jaw_Prominence": 0.65,
    "Mouth_SizeX": 0.32,
    "Mouth_UpperlipSizeZ": 0.59,
    "Legs_LowerlegLength": 0.35,
    "Eyelids_Crease": 1.0,
    "Face_Ellipsoid": 0.65,
    "Mouth_LowerlipVolume": 0.47,
    "Nose_GlabellaPosZ": 0.35,
    "Mouth_LowerlipSizeZ": 0.38,
    "Jaw_ScaleX": 0.44,
    "Cheeks_Mass": 0.26
  }
}
