{
  "thumb02_L": [1.0, 0.0, 0.0, 0.0],
  "calf_twist_R": [1.0, 0.0, 0.0, 0.0],
  "ring03_L": [1.0, 0.0, 0.0, 0.0],
  "thumb02_R": [1.0, 0.0, 0.0, 0.0],
  "pinky00_L": [1.0, 0.0, 0.0, 0.0],
  "pinky02_R": [1.0, 0.0, 0.0, 0.0],
  "ring00_R": [1.0, 0.0, 0.0, 0.0],
  "breast_L": [1.0, 0.0, 0.0, 0.0],
  "ring02_R": [1.0, 0.0, 0.0, 0.0],
  "lowerarm_R": [1.0, 0.0, 0.0, 0.0],
  "middle02_L": [1.0, 0.0, 0.0, 0.0],
  "neck": [1.0, 0.0, 0.0, 0.0],
  "ring02_L": [1.0, 0.0, 0.0, 0.0],
  "middle03_L": [1.0, 0.0, 0.0, 0.0],
  "ring00_L": [1.0, 0.0, 0.0, 0.0],
  "pelvis": [1.0, 0.0, 0.0, 0.0],
  "ring01_R": [1.0, 0.0, 0.0, 0.0],
  "thigh_R": [1.0, 0.0, 0.0, 0.0],
  "index02_R": [1.0, 0.0, 0.0, 0.0],
  "upperarm_L": [1.0, 0.0, 0.0, 0.0],
  "clavicle_R": [1.0, 0.0, 0.0, 0.0],
  "pinky02_L": [1.0, 0.0, 0.0, 0.0],
  "index01_R": [1.0, 0.0, 0.0, 0.0],
  "middle00_L": [1.0, 0.0, 0.0, 0.0],
  "calf_twist_L": [1.0, 0.0, 0.0, 0.0],
  "thigh_twist_L": [1.0, 0.0, 0.0, 0.0],
  "upperarm_twist_L": [1.0, 0.0, 0.0, 0.0],
  "middle02_R": [1.0, 0.0, 0.0, 0.0],
  "hand_R": [1.0, 0.0, 0.0, 0.0],
  "ring01_L": [1.0, 0.0, 0.0, 0.0],
  "toes_R": [1.0, 0.0, 0.0, 0.0],
  "index03_R": [1.0, 0.0, 0.0, 0.0],
  "lowerarm_L": [1.0, 0.0, 0.0, 0.0],
  "spine03": [1.0, 0.0, 0.0, 0.0],
  "lowerarm_twist_L": [1.0, 0.0, 0.0, 0.0],
  "middle01_R": [1.0, 0.0, 0.0, 0.0],
  "index00_R": [1.0, 0.0, 0.0, 0.0],
  "spine01": [1.0, 0.0, 0.0, 0.0],
  "foot_L": [1.0, 0.0, 0.0, 0.0],
  "index02_L": [1.0, 0.0, 0.0, 0.0],
  "thumb01_R": [1.0, 0.0, 0.0, 0.0],
  "pinky03_L": [1.0, 0.0, 0.0, 0.0],
  "ring03_R": [1.0, 0.0, 0.0, 0.0],
  "thumb03_R": [1.0, 0.0, 0.0, 0.0],
  "index01_L": [1.0, 0.0, 0.0, 0.0],
  "middle00_R": [1.0, 0.0, 0.0, 0.0],
  "lowerarm_twist_R": [1.0, 0.0, 0.0, 0.0],
  "breast_R": [1.0, 0.0, 0.0, 0.0],
  "foot_R": [1.0, 0.0, 0.0, 0.0],
  "middle01_L": [1.0, 0.0, 0.0, 0.0],
  "upperarm_R": [1.0, 0.0, 0.0, 0.0],
  "pinky01_R": [1.0, 0.0, 0.0, 0.0],
  "middle03_R": [1.0, 0.0, 0.0, 0.0],
  "hand_L": [1.0, 0.0, 0.0, 0.0],
  "pinky01_L": [1.0, 0.0, 0.0, 0.0],
  "head": [1.0, 0.0, 0.0, 0.0],
  "spine02": [1.0, 0.0, 0.0, 0.0],
  "calf_R": [1.0, 0.0, 0.0, 0.0],
  "thigh_L": [1.0, 0.0, 0.0, 0.0],
  "clavicle_L": [1.0, 0.0, 0.0, 0.0],
  "upperarm_twist_R": [1.0, 0.0, 0.0, 0.0],
  "index03_L": [1.0, 0.0, 0.0, 0.0],
  "thumb03_L": [1.0, 0.0, 0.0, 0.0],
  "calf_L": [1.0, 0.0, 0.0, 0.0],
  "root": [1.0, 0.0, 0.0, 0.0],
  "toes_L": [1.0, 0.0, 0.0, 0.0],
  "pinky03_R": [1.0, 0.0, 0.0, 0.0],
  "pinky00_R": [1.0, 0.0, 0.0, 0.0],
  "index00_L": [1.0, 0.0, 0.0, 0.0],
  "thumb01_L": [1.0, 0.0, 0.0, 0.0],
  "thigh_twist_R": [1.0, 0.0, 0.0, 0.0]
}
