{
  "structural": {
    "Mouth_LowerlipVolume": 0.71,
    "Eyelids_InnerPosZ": 0.65,
    "Chin_SizeX": 0.74,
    "Eyelids_Angle": 0.35,
    "Nose_Curve": 0.35,
    "Torso_Vshape": 0.65,
    "Chin_Prominence": 0.74,
    "Mouth_UpperlipVolume": 0.95,
    "Torso_BreastMass": 0.62,
    "Mouth_SizeX": 0.56,
    "Eyes_SizeZ": 0.32,
    "Eyes_PosZ": 0.68,
    "Nose_RootPosZ": 1.0,
    "Chin_SizeZ": 0.67,
    "Nose_BasePosZ": 0.41,
    "Torso_Dorsi": 0.8,
    "Nose_PosY": 0.62,
    "Mouth_PosZ": 0.32,
    "Shoulders_PosZ": 0.71,
    "Nose_BaseSizeX": 0.65,
    "Cheeks_Zygom": 0.53,
    "Eyelids_LowerCurve": 0.38,
    "Eyebrows_Size01": 0.62,
    "Nose_SizeY": 0.56,
    "Jaw_Prominence": 0.56,
    "Head_SizeX": 0.38
  }
}
