{
  "proportions": {},
  "structural": {
    "Shoulders_Tone": 0.65,
    "Shoulders_Mass": 0.53,
    "Legs_UpperlegsTone": 0.74,
    "Neck_Collarbone": 0.8,
    "Shoulders_Size": 0.56,
    "Waist_Size": 0.32,
    "Legs_UpperThighGirth": 0.29,
    "Torso_SizeY": 0.71,
    "Legs_UpperlegInCurve": 0.14,
    "Pelvis_GluteusSize": 0.59,
    "Torso_Dorsi": 0.71,
    "Pelvis_Length": 0.59,
    "Legs_LowerlegsTone": 0.77,
    "Legs_UpperlegSize": 0.26,
    "Pelvis_SizeY": 0.38,
    "Legs_UpperlegLength": 0.62,
    "Neck_Tone": 0.71,
    "Shoulders_SizeX": 0.71,
    "Neck_Length": 0.65,
    "Arms_ForearmTone": 0.77,
    "Arms_ForearmMass": 0.65,
    "Torso_SizeX": 0.0,
    "Arms_ForearmSize": 0.17,
    "Torso_BreastMass": 0.62,
    "Pelvis_GluteusMass": 0.55,
    "Pelvis_SizeX": 0.05,
    "Torso_BreastTone": 0.92,
    "Torso_Tone": 0.56,
    "Arms_UpperarmSize": 0.11,
    "Pelvis_GluteusTone": 0.71,
    "Shoulders_PosZ": 0.56,
    "Legs_UpperlegsMass": 0.59,
    "Torso_Length": 0.3,
    "Arms_UpperarmTone": 0.68,
    "Arms_UpperarmMass": 0.74,
    "Legs_LowerlegsMass": 0.59,
    "Legs_LowerlegLength": 0.77,
    "Legs_LowerlegSize": 0.29
  },
  "manuellab_vers": [1, 5, 0],
  "metaproperties": {
    "character_age": 0.0,
    "last_character_mass": 0.0,
    "character_mass": 0.0,
    "last_character_tone": 0.0,
    "character_tone": 0.0,
    "last_character_age": 0.0
  },
  "materialproperties": {}
}
