{
  "manuellab_vers": [1, 6, 0],
  "materialproperties": {
    "skin_complexion": 0.1,
    "skin_sss": 1.0,
    "skin_reflection": 0.9,
    "skin_bump": 0.5,
    "skin_hue": 0.5,
    "skin_fresnel": 1.0,
    "eyes_value": 0.5,
    "eyes_hue": 0.5,
    "eyes_saturation": 1.0,
    "skin_saturation": 1.0,
    "skin_oil": 0.1,
    "skin_age": 0.2,
    "skin_value": 1.0
  },
  "metaproperties": {
    "last_character_mass": 0.0,
    "last_character_age": 0.0,
    "last_character_tone": 0.0,
    "character_tone": 0.0,
    "character_age": 0.0,
    "character_mass": 0.0
  },
  "structural": {
    "Waist_Size": 0.86,
    "Torso_Vshape": 0.38,
    "Legs_UpperlegInCurve": 0.23,
    "Pelvis_SizeX": 0.8,
    "Legs_UpperlegsTone": 0.26,
    "Shoulders_Length": 0.32,
    "Pelvis_GluteusSize": 0.59,
    "Shoulders_PosZ": 0.17,
    "Legs_UpperlegsMass": 0.71,
    "Abdomen_Tone": 0.35,
    "Abdomen_Mass": 0.92,
    "Arms_UpperarmMass": 0.68
  }
}
