{
  "manuellab_vers": [1, 4, 0],
  "materialproperties": {},
  "structural": {
    "Pelvis_GluteusMass": 0.8,
    "Shoulders_Tone": 0.38,
    "Feet_Mass": 0.8,
    "Legs_UpperlegsMass": 0.8,
    "Arms_UpperarmTone": 0.38,
    "Arms_ForearmTone": 0.38,
    "Torso_BreastTone": 0.524,
    "Waist_Size": 0.5588,
    "Wrists_Size": 0.524,
    "Neck_Mass": 0.8,
    "Torso_Tone": 0.38,
    "Cheeks_Tone": 0.38,
    "Legs_LowerlegsTone": 0.38,
    "Arms_UpperarmMass": 0.8,
    "Torso_BreastMass": 0.65,
    "Arms_ForearmMass": 0.8,
    "Stomach_Volume": 0.506,
    "Hands_Mass": 0.8,
    "Cheeks_Mass": 0.8,
    "Legs_KneeSize": 0.56,
    "Stomach_LocalFat": 0.506,
    "Legs_UpperlegsTone": 0.38,
    "Torso_Mass": 0.8,
    "Neck_Tone": 0.38,
    "Shoulders_Mass": 0.8,
    "Pelvis_GluteusTone": 0.38,
    "Legs_LowerlegsMass": 0.8
  },
  "metaproperties": {
    "last_character_tone": -0.12,
    "last_character_age": 0.0,
    "character_age": 0.0,
    "character_tone": -0.12,
    "last_character_mass": 0.3,
    "character_mass": 0.3
  },
  "proportions": {}
}
