{
  "manuellab_vers": [1, 4, 0],
  "materialproperties": {},
  "structural": {
    "Pelvis_SizeX": 0.8,
    "Pelvis_GluteusSize": 0.59,
    "Waist_Size": 0.86,
    "Shoulders_Length": 0.32,
    "Shoulders_PosZ": 0.17,
    "Torso_Vshape": 0.38,
    "Stomach_LocalFat": 0.68
  },
  "metaproperties": {
    "last_character_tone": 0.0,
    "last_character_age": 0.0,
    "character_age": 0.0,
    "character_tone": 0.0,
    "last_character_mass": 0.0,
    "character_mass": 0.0
  },
  "proportions": {}
}
