{
  "proportions": {},
  "structural": {
    "Stomach_Volume": 0.52,
    "Feet_Mass": 1.5,
    "Shoulders_Tone": 1.5,
    "Abdomen_Mass": 0.77,
    "Cheeks_Mass": 1.5,
    "Wrists_Size": 0.7,
    "Arms_ForearmLength": 0.65,
    "Legs_UpperlegLength": 0.59,
    "Waist_Size": 0.9,
    "Stomach_LocalFat": 0.52,
    "Cheeks_Tone": 1.5,
    "Feet_Size": 0.82,
    "Arms_UpperarmLength": 0.86,
    "Hands_Size": 0.83,
    "Shoulders_Mass": 1.5,
    "Torso_Mass": 1.5,
    "Arms_ForearmTone": 1.5,
    "Head_Size": 0.23,
    "Legs_LowerlegsTone": 1.5,
    "Body_Size": 1.0,
    "Neck_Tone": 1.5,
    "Legs_UpperlegsTone": 1.5,
    "Torso_Vshape": 0.35,
    "Torso_BreastTone": 0.7,
    "Arms_ForearmMass": 1.5,
    "Torso_SizeX": 0.29,
    "Torso_BreastMass": 1.0,
    "Hands_Mass": 1.5,
    "Pelvis_GluteusMass": 1.5,
    "Neck_Mass": 1.5,
    "Abdomen_Tone": 1.0,
    "Torso_Tone": 1.5,
    "Pelvis_GluteusTone": 1.5,
    "Legs_UpperlegsMass": 1.5,
    "Neck_Length": 0.62,
    "Torso_Length": 0.74,
    "Arms_UpperarmTone": 1.5,
    "Arms_UpperarmMass": 1.5,
    "Legs_LowerlegsMass": 1.5,
    "Legs_LowerlegLength": 0.74,
    "Legs_KneeSize": 0.9
  },
  "manuellab_vers": [1, 5, 0],
  "metaproperties": {
    "character_age": 0.0,
    "last_character_mass": 1.0,
    "character_mass": 1.0,
    "last_character_tone": 1.0,
    "character_tone": 1.0,
    "last_character_age": 0.0
  },
  "materialproperties": {}
}
