{
  "manuellab_vers": [1, 4, 0],
  "materialproperties": {},
  "structural": {
    "Pelvis_GluteusMass": 0.71,
    "Feet_Mass": 0.74,
    "Legs_UpperlegsMass": 0.62,
    "Shoulders_PosZ": 0.35,
    "Arms_ForearmTone": 0.59,
    "Head_Size": 0.47,
    "Torso_Vshape": 0.26,
    "Legs_LowerlegsTone": 0.74,
    "Neck_Mass": 0.74,
    "Arms_UpperarmTone": 0.44,
    "Hands_FingersLength": 0.11,
    "Neck_Length": 0.08,
    "Arms_UpperarmMass": 0.65,
    "Arms_ForearmMass": 0.62,
    "Hands_Mass": 1.0,
    "Legs_UpperlegLength": 0.05,
    "Arms_ForearmLength": 0.2,
    "Feet_Size": 0.29,
    "Pelvis_SizeX": 0.86,
    "Legs_LowerlegsMass": 0.8,
    "Legs_UpperlegsTone": 0.53,
    "Torso_Mass": 0.8,
    "Neck_Tone": 0.47,
    "Pelvis_SizeY": 0.8,
    "Torso_Tone": 0.44,
    "Arms_UpperarmLength": 0.44,
    "Hands_Size": 0.32
  },
  "metaproperties": {
    "last_character_tone": 0.0,
    "last_character_age": 0.0,
    "character_age": 0.0,
    "character_tone": 0.0,
    "last_character_mass": 0.0,
    "character_mass": 0.0
  },
  "proportions": {}
}
