{
  "templates_list": [
    "human_female_base",
    "human_male_base",
    "anime_female_base",
    "anime_male_base"
  ],
  "character_list": [
    "f_af01",
    "f_as01",
    "f_ca01",
    "f_la01",
    "m_af01",
    "m_as01",
    "m_ca01",
    "m_la01",
    "f_an01",
    "f_an02",
    "f_an03",
    "m_an01",
    "m_an02",
    "m_an03",
    "f_ft01",
    "m_ft01",
    "m_ft02"
  ],
  "human_female_base": {
    "description": "Generate the human female template",
    "template_model": "MBLab_human_female",
    "template_polygons": "human_female_polygs.json",
    "name": "human_female_base",
    "vertices": 18210,
    "faces": 17288,
    "label": "Human female"
  },
  "human_male_base": {
    "description": "Generate the human male template",
    "template_model": "MBLab_human_male",
    "template_polygons": "human_male_polygs.json",
    "name": "human_male_base",
    "vertices": 17996,
    "faces": 17074,
    "label": "Human male"
  },
  "anime_female_base": {
    "description": "Generate the anime female template",
    "template_model": "MBLab_anime_female",
    "template_polygons": "anime_female_polygs.json",
    "name": "anime_female_base",
    "vertices": 13995,
    "faces": 13806,
    "label": "Anime female"
  },
  "anime_male_base": {
    "description": "Generate the anime male template",
    "template_model": "MBLab_anime_male",
    "template_polygons": "anime_male_polygs.json",
    "name": "anime_male_base",
    "vertices": 13687,
    "faces": 13498,
    "label": "Anime male"
  },
  "f_ca01": {
    "description": "Generate a realistic Caucasian female character",
    "template_model": "MBLab_human_female",
    "name": "f_ca01",
    "label": "Caucasian female (F_CA01) (AGPL3)",
    "texture_albedo": "hum_f_cauc_albedo.png",
    "texture_bump": "human_female_bump.png",
    "texture_displacement": "human_female_displacement.png",
    "texture_eyes": "eyes_albedo.png",
    "texture_tongue_albedo": "human_female_albedo.png",
    "texture_teeth_albedo": "human_female_teeth.png",
    "texture_nails_albedo": "human_female_nails.png",
    "texture_eyelash_albedo": "human_female_eyelash.png",
    "texture_frecklemask": "human_female_frecklemask.png",
    "texture_blush": "human_female_blush.png",
    "texture_sebum": "human_female_sebum.png",
    "texture_lipmap": "human_female_lipmap.png",
    "texture_thickness": "human_female_thickness.png",
    "texture_iris_color" : "iris_color.png",
    "texture_iris_bump" : "iris_bump.png",
    "texture_sclera_color" : "sclera_color.png",
    "texture_translucent_mask" : "translucent_mask.png",
    "texture_sclera_mask" : "sclera_mask.png",
    "morphs_extra_file": "",
    "shared_morphs_file": "human_female_morphs.json",
    "shared_morphs_extra_file": "human_female_morphs_extra.json",
    "bounding_boxes_file": "human_female_bbox.json",
    "proportions_folder": "hu_f_anthropometry",
    "joints_base_file": "human_female_joints.json",
    "joints_offset_file": "human_female_joints_offset.json",
    "measures_file": "human_female_measures.json",
    "presets_folder": "human_female_base",
    "transformations_file": "human_female_base_transf.json",
    "vertexgroup_base_file": "human_female_vgroups_base.json",
    "vertexgroup_muscle_file": "human_female_vgroups_muscles.json"
  },
  "f_as01": {
    "description": "Generate a realistic Asian female character",
    "template_model": "MBLab_human_female",
    "name": "f_as01",
    "label": "Asian female (F_AS01) (AGPL3)",
    "texture_albedo": "hum_f_asian_albedo.png",
    "texture_bump": "human_female_bump.png",
    "texture_displacement": "human_female_displacement.png",
    "texture_eyes": "eyes_albedo.png",
    "texture_tongue_albedo": "human_female_albedo.png",
    "texture_teeth_albedo": "human_female_teeth.png",
    "texture_nails_albedo": "human_female_nails.png",
    "texture_eyelash_albedo": "human_female_eyelash.png",
    "texture_frecklemask": "human_female_frecklemask.png",
    "texture_blush": "human_female_blush.png",
    "texture_sebum": "human_female_sebum.png",
    "texture_lipmap": "human_female_lipmap.png",
    "texture_thickness": "human_female_thickness.png",
    "texture_iris_color" : "iris_color.png",
    "texture_iris_bump" : "iris_bump.png",
    "texture_sclera_color" : "sclera_color.png",
    "texture_translucent_mask" : "translucent_mask.png",
    "texture_sclera_mask" : "sclera_mask.png",
    "morphs_extra_file": "",
    "shared_morphs_file": "human_female_morphs.json",
    "shared_morphs_extra_file": "human_female_morphs_extra.json",
    "bounding_boxes_file": "human_female_bbox.json",
    "proportions_folder": "hu_f_anthropometry",
    "joints_base_file": "human_female_joints.json",
    "joints_offset_file": "human_female_joints_offset.json",
    "measures_file": "human_female_measures.json",
    "presets_folder": "human_female_base",
    "transformations_file": "human_female_base_transf.json",
    "vertexgroup_base_file": "human_female_vgroups_base.json",
    "vertexgroup_muscle_file": "human_female_vgroups_muscles.json"
  },
  "f_af01": {
    "description": "Generate a realistic Afro female character",
    "template_model": "MBLab_human_female",
    "name": "f_af01",
    "label": "Afro female (F_AF01) (AGPL3)",
    "texture_albedo": "hum_f_afro_albedo.png",
    "texture_bump": "human_female_bump.png",
    "texture_displacement": "human_female_displacement.png",
    "texture_eyes": "eyes_albedo.png",
    "texture_tongue_albedo": "human_female_albedo.png",
    "texture_teeth_albedo": "human_female_teeth.png",
    "texture_nails_albedo": "human_female_nails.png",
    "texture_eyelash_albedo": "human_female_eyelash.png",
    "texture_frecklemask": "human_female_frecklemask.png",
    "texture_blush": "human_female_blush.png",
    "texture_sebum": "human_female_sebum.png",
    "texture_lipmap": "human_female_lipmap.png",
    "texture_thickness": "human_female_thickness.png",
    "texture_iris_color" : "iris_color.png",
    "texture_iris_bump" : "iris_bump.png",
    "texture_sclera_color" : "sclera_color.png",
    "texture_translucent_mask" : "translucent_mask.png",
    "texture_sclera_mask" : "sclera_mask.png",
    "morphs_extra_file": "",
    "shared_morphs_file": "human_female_morphs.json",
    "shared_morphs_extra_file": "human_female_morphs_extra.json",
    "bounding_boxes_file": "human_female_bbox.json",
    "proportions_folder": "hu_f_anthropometry",
    "joints_base_file": "human_female_joints.json",
    "joints_offset_file": "human_female_joints_offset.json",
    "measures_file": "human_female_measures.json",
    "presets_folder": "human_female_base",
    "transformations_file": "human_female_base_transf.json",
    "vertexgroup_base_file": "human_female_vgroups_base.json",
    "vertexgroup_muscle_file": "human_female_vgroups_muscles.json"
  },
  "f_la01": {
    "description": "Generate a realistic Latino female character",
    "template_model": "MBLab_human_female",
    "name": "f_la01",
    "label": "Latino female (F_LA01) (AGPL3)",
    "texture_albedo": "hum_f_latino_albedo.png",
    "texture_bump": "human_female_bump.png",
    "texture_displacement": "human_female_displacement.png",
    "texture_eyes": "eyes_albedo.png",
    "texture_tongue_albedo": "human_female_albedo.png",
    "texture_teeth_albedo": "human_female_teeth.png",
    "texture_nails_albedo": "human_female_nails.png",
    "texture_eyelash_albedo": "human_female_eyelash.png",
    "texture_frecklemask": "human_female_frecklemask.png",
    "texture_blush": "human_female_blush.png",
    "texture_sebum": "human_female_sebum.png",
    "texture_lipmap": "human_female_lipmap.png",
    "texture_thickness": "human_female_thickness.png",
    "texture_iris_color" : "iris_color.png",
    "texture_iris_bump" : "iris_bump.png",
    "texture_sclera_color" : "sclera_color.png",
    "texture_translucent_mask" : "translucent_mask.png",
    "texture_sclera_mask" : "sclera_mask.png",
    "morphs_extra_file": "",
    "shared_morphs_file": "human_female_morphs.json",
    "shared_morphs_extra_file": "human_female_morphs_extra.json",
    "bounding_boxes_file": "human_female_bbox.json",
    "proportions_folder": "hu_f_anthropometry",
    "joints_base_file": "human_female_joints.json",
    "joints_offset_file": "human_female_joints_offset.json",
    "measures_file": "human_female_measures.json",
    "presets_folder": "human_female_base",
    "transformations_file": "human_female_base_transf.json",
    "vertexgroup_base_file": "human_female_vgroups_base.json",
    "vertexgroup_muscle_file": "human_female_vgroups_muscles.json"
  },
  "m_ca01": {
    "description": "Generate a realistic Caucasian male character",
    "template_model": "MBLab_human_male",
    "name": "m_ca01",
    "label": "Caucasian male (M_CA01) (AGPL3)",
    "texture_albedo": "hum_m_cauc_albedo.png",
    "texture_bump": "human_male_bump.png",
    "texture_displacement": "human_male_displacement.png",
    "texture_eyes": "eyes_albedo.png",
    "texture_tongue_albedo": "human_male_albedo.png",
    "texture_teeth_albedo": "human_male_teeth.png",
    "texture_nails_albedo": "human_male_nails.png",
    "texture_eyelash_albedo": "human_male_eyelash.png",
    "texture_frecklemask": "human_male_frecklemask.png",
    "texture_blush": "human_male_blush.png",
    "texture_sebum": "human_male_sebum.png",
    "texture_lipmap": "human_male_lipmap.png",
    "texture_thickness": "human_male_thickness.png",
    "texture_iris_color" : "iris_color.png",
    "texture_iris_bump" : "iris_bump.png",
    "texture_sclera_color" : "sclera_color.png",
    "texture_translucent_mask" : "translucent_mask.png",
    "texture_sclera_mask" : "sclera_mask.png",
    "morphs_extra_file": "",
    "shared_morphs_file": "human_male_morphs.json",
    "shared_morphs_extra_file": "human_male_morphs_extra.json",
    "bounding_boxes_file": "human_male_bbox.json",
    "proportions_folder": "hu_m_anthropometry",
    "joints_base_file": "human_male_joints.json",
    "joints_offset_file": "human_male_joints_offset.json",
    "measures_file": "human_male_measures.json",
    "presets_folder": "human_male_base",
    "transformations_file": "human_male_base_transf.json",
    "vertexgroup_base_file": "human_male_vgroups_base.json",
    "vertexgroup_muscle_file": "human_male_vgroups_muscles.json"
  },
  "m_as01": {
    "description": "Generate a realistic Asian male character",
    "template_model": "MBLab_human_male",
    "name": "m_as01",
    "label": "Asian male (M_AS01) (AGPL3)",
    "texture_albedo": "hum_m_asian_albedo.png",
    "texture_bump": "human_male_bump.png",
    "texture_displacement": "human_male_displacement.png",
    "texture_eyes": "eyes_albedo.png",
    "texture_tongue_albedo": "human_male_albedo.png",
    "texture_teeth_albedo": "human_male_teeth.png",
    "texture_nails_albedo": "human_male_nails.png",
    "texture_eyelash_albedo": "human_male_eyelash.png",
    "texture_frecklemask": "human_male_frecklemask.png",
    "texture_blush": "human_male_blush.png",
    "texture_sebum": "human_male_sebum.png",
    "texture_lipmap": "human_male_lipmap.png",
    "texture_thickness": "human_male_thickness.png",
    "texture_iris_color" : "iris_color.png",
    "texture_iris_bump" : "iris_bump.png",
    "texture_sclera_color" : "sclera_color.png",
    "texture_translucent_mask" : "translucent_mask.png",
    "texture_sclera_mask" : "sclera_mask.png",
    "morphs_extra_file": "",
    "shared_morphs_file": "human_male_morphs.json",
    "shared_morphs_extra_file": "human_male_morphs_extra.json",
    "bounding_boxes_file": "human_male_bbox.json",
    "proportions_folder": "hu_m_anthropometry",
    "joints_base_file": "human_male_joints.json",
    "joints_offset_file": "human_male_joints_offset.json",
    "measures_file": "human_male_measures.json",
    "presets_folder": "human_male_base",
    "transformations_file": "human_male_base_transf.json",
    "vertexgroup_base_file": "human_male_vgroups_base.json",
    "vertexgroup_muscle_file": "human_male_vgroups_muscles.json"
  },
  "m_af01": {
    "description": "Generate a realistic Afro male character",
    "template_model": "MBLab_human_male",
    "name": "m_af01",
    "label": "Afro male (M_AF01) (AGPL3)",
    "texture_albedo": "hum_m_afro_albedo.png",
    "texture_bump": "human_male_bump.png",
    "texture_displacement": "human_male_displacement.png",
    "texture_eyes": "eyes_albedo.png",
    "texture_tongue_albedo": "human_male_albedo.png",
    "texture_teeth_albedo": "human_male_teeth.png",
    "texture_nails_albedo": "human_male_nails.png",
    "texture_eyelash_albedo": "human_male_eyelash.png",
    "texture_frecklemask": "human_male_frecklemask.png",
    "texture_blush": "human_male_blush.png",
    "texture_sebum": "human_male_sebum.png",
    "texture_lipmap": "human_male_lipmap.png",
    "texture_thickness": "human_male_thickness.png",
    "texture_iris_color" : "iris_color.png",
    "texture_iris_bump" : "iris_bump.png",
    "texture_sclera_color" : "sclera_color.png",
    "texture_translucent_mask" : "translucent_mask.png",
    "texture_sclera_mask" : "sclera_mask.png",
    "morphs_extra_file": "",
    "shared_morphs_file": "human_male_morphs.json",
    "shared_morphs_extra_file": "human_male_morphs_extra.json",
    "bounding_boxes_file": "human_male_bbox.json",
    "proportions_folder": "hu_m_anthropometry",
    "joints_base_file": "human_male_joints.json",
    "joints_offset_file": "human_male_joints_offset.json",
    "measures_file": "human_male_measures.json",
    "presets_folder": "human_male_base",
    "transformations_file": "human_male_base_transf.json",
    "vertexgroup_base_file": "human_male_vgroups_base.json",
    "vertexgroup_muscle_file": "human_male_vgroups_muscles.json"
  },
  "m_la01": {
    "description": "Generate a realistic Latino male character",
    "template_model": "MBLab_human_male",
    "name": "m_la01",
    "label": "Latino male (M_LA01) (AGPL3)",
    "texture_albedo": "hum_m_latino_albedo.png",
    "texture_bump": "human_male_bump.png",
    "texture_displacement": "human_male_displacement.png",
    "texture_eyes": "eyes_albedo.png",
    "texture_tongue_albedo": "human_male_albedo.png",
    "texture_teeth_albedo": "human_male_teeth.png",
    "texture_nails_albedo": "human_male_nails.png",
    "texture_eyelash_albedo": "human_male_eyelash.png",
    "texture_frecklemask": "human_male_frecklemask.png",
    "texture_blush": "human_male_blush.png",
    "texture_sebum": "human_male_sebum.png",
    "texture_lipmap": "human_male_lipmap.png",
    "texture_thickness": "human_male_thickness.png",
    "texture_iris_color" : "iris_color.png",
    "texture_iris_bump" : "iris_bump.png",
    "texture_sclera_color" : "sclera_color.png",
    "texture_translucent_mask" : "translucent_mask.png",
    "texture_sclera_mask" : "sclera_mask.png",
    "morphs_extra_file": "",
    "shared_morphs_file": "human_male_morphs.json",
    "shared_morphs_extra_file": "human_male_morphs_extra.json",
    "bounding_boxes_file": "human_male_bbox.json",
    "proportions_folder": "hu_m_anthropometry",
    "joints_base_file": "human_male_joints.json",
    "joints_offset_file": "human_male_joints_offset.json",
    "measures_file": "human_male_measures.json",
    "presets_folder": "human_male_base",
    "transformations_file": "human_male_base_transf.json",
    "vertexgroup_base_file": "human_male_vgroups_base.json",
    "vertexgroup_muscle_file": "human_male_vgroups_muscles.json"
  },
  "f_an01": {
    "description": "Generate an anime female in shojo style",
    "template_model": "MBLab_anime_female",
    "name": "f_an01",
    "label": "Anime female (F_AN01) (AGPL3)",
    "texture_albedo": "anime_female_albedo.png",
    "texture_bump": "",
    "texture_displacement": "",
    "texture_eyes": "anime_female_albedo.png",
    "texture_tongue_albedo": "",
    "texture_teeth_albedo": "",
    "texture_nails_albedo": "",
    "texture_eyelash_albedo": "",
    "texture_frecklemask": "",
    "texture_blush": "",
    "texture_sebum": "",
    "texture_lipmap": "",
    "texture_thickness": "",
    "texture_iris_color" : "",
    "texture_iris_bump" : "",
    "texture_sclera_color" : "",
    "texture_translucent_mask" : "",
    "texture_sclera_mask" : "",
    "morphs_extra_file": "",
    "shared_morphs_file": "anime_female_morphs.json",
    "shared_morphs_extra_file": "",
    "bounding_boxes_file": "anime_female_bbox.json",
    "proportions_folder": "",
    "expressions_folder": "anime_expressions",
    "joints_base_file": "anime_female_joints.json",
    "joints_offset_file": "",
    "measures_file": "",
    "presets_folder": "anime_female_base",
    "transformations_file": "anime_female_base_transf.json",
    "vertexgroup_base_file": "anime_female_vgroups_base.json",
    "skeleton_base_template_name": "MBLab_skeleton_base_fk",
    "vertexgroup_muscle_file": ""
  },
  "f_an02": {
    "description": "Generate an anime female in shojo style",
    "template_model": "MBLab_anime_female",
    "name": "f_an02",
    "label": "Anime female (F_AN02) (AGPL3)",
    "texture_albedo": "anime_female_albedo.png",
    "texture_bump": "",
    "texture_displacement": "",
    "texture_eyes": "anime_female_albedo.png",
    "texture_tongue_albedo": "",
    "texture_teeth_albedo": "",
    "texture_nails_albedo": "",
    "texture_eyelash_albedo": "",
    "texture_frecklemask": "",
    "texture_blush": "",
    "texture_sebum": "",
    "texture_lipmap": "",
    "texture_thickness": "",
    "texture_iris_color" : "",
    "texture_iris_bump" : "",
    "texture_sclera_color" : "",
    "texture_translucent_mask" : "",
    "texture_sclera_mask" : "",
    "morphs_extra_file": "",
    "shared_morphs_file": "anime_female_morphs.json",
    "shared_morphs_extra_file": "",
    "bounding_boxes_file": "anime_female_bbox.json",
    "proportions_folder": "",
    "expressions_folder": "anime_expressions",
    "joints_base_file": "anime_female_joints.json",
    "joints_offset_file": "",
    "measures_file": "",
    "presets_folder": "anime_female_base",
    "transformations_file": "anime_female_base_transf.json",
    "vertexgroup_base_file": "anime_female_vgroups_base.json",
    "skeleton_base_template_name": "MBLab_skeleton_base_fk",
    "vertexgroup_muscle_file": ""
  },
  "f_an03": {
    "description": "Generate a realistic anime female character",
    "template_model": "MBLab_human_female",
    "name": "f_an03",
    "label": "Realistic anime female (F_AN03) (AGPL3)",
    "texture_albedo": "human_female_albedo.png",
    "texture_bump": "human_female_bump.png",
    "texture_displacement": "human_female_displacement.png",
    "texture_eyes": "eyes_albedo.png",
    "texture_tongue_albedo": "human_female_albedo.png",
    "texture_teeth_albedo": "human_female_teeth.png",
    "texture_nails_albedo": "human_female_nails.png",
    "texture_eyelash_albedo": "human_female_eyelash.png",
    "texture_frecklemask": "human_female_frecklemask.png",
    "texture_blush": "human_female_blush.png",
    "texture_sebum": "human_female_sebum.png",
    "texture_lipmap": "human_female_lipmap.png",
    "texture_thickness": "human_female_thickness.png",
    "texture_iris_color" : "iris_color.png",
    "texture_iris_bump" : "iris_bump.png",
    "texture_sclera_color" : "sclera_color.png",
    "texture_translucent_mask" : "translucent_mask.png",
    "texture_sclera_mask" : "sclera_mask.png",
    "morphs_extra_file": "f_an03_morphs_extra.json",
    "shared_morphs_file": "human_female_morphs.json",
    "shared_morphs_extra_file": "human_female_morphs_extra.json",
    "bounding_boxes_file": "human_female_bbox.json",
    "proportions_folder": "",
    "joints_base_file": "human_female_joints.json",
    "joints_offset_file": "human_female_joints_offset.json",
    "measures_file": "",
    "presets_folder": "human_female_base",
    "transformations_file": "human_female_base_transf.json",
    "vertexgroup_base_file": "human_female_vgroups_base.json",
    "vertexgroup_muscle_file": "human_female_vgroups_muscles.json"
  },
  "m_an01": {
    "description": "Generate an anime male in shojo style",
    "template_model": "MBLab_anime_male",
    "name": "m_an01",
    "label": "Anime male (M_AN01) (AGPL3)",
    "texture_albedo": "anime_male_albedo.png",
    "texture_bump": "",
    "texture_displacement": "",
    "texture_eyes": "anime_male_albedo.png",
    "texture_tongue_albedo": "",
    "texture_teeth_albedo": "",
    "texture_nails_albedo": "",
    "texture_eyelash_albedo": "",
    "texture_frecklemask": "",
    "texture_blush": "",
    "texture_sebum": "",
    "texture_lipmap": "",
    "texture_thickness": "",
    "texture_iris_color" : "",
    "texture_iris_bump" : "",
    "texture_sclera_color" : "",
    "texture_translucent_mask" : "",
    "texture_sclera_mask" : "",
    "morphs_extra_file": "",
    "shared_morphs_file": "anime_male_morphs.json",
    "shared_morphs_extra_file": "",
    "bounding_boxes_file": "anime_male_bbox.json",
    "proportions_folder": "",
    "expressions_folder": "anime_expressions",
    "joints_base_file": "anime_male_joints.json",
    "joints_offset_file": "",
    "measures_file": "",
    "presets_folder": "anime_male_base",
    "transformations_file": "anime_male_base_transf.json",
    "vertexgroup_base_file": "anime_male_vgroups_base.json",
    "skeleton_base_template_name": "MBLab_skeleton_base_fk",
    "vertexgroup_muscle_file": ""
  },
  "m_an02": {
    "description": "Generate an anime male in shojo style",
    "template_model": "MBLab_anime_male",
    "name": "m_an02",
    "label": "Anime male (M_AN02) (AGPL3)",
    "texture_albedo": "anime_male_albedo.png",
    "texture_bump": "",
    "texture_displacement": "",
    "texture_eyes": "anime_male_albedo.png",
    "texture_tongue_albedo": "",
    "texture_teeth_albedo": "",
    "texture_nails_albedo": "",
    "texture_eyelash_albedo": "",
    "texture_frecklemask": "",
    "texture_blush": "",
    "texture_sebum": "",
    "texture_lipmap": "",
    "texture_thickness": "",
    "texture_iris_color" : "",
    "texture_iris_bump" : "",
    "texture_sclera_color" : "",
    "texture_translucent_mask" : "",
    "texture_sclera_mask" : "",
    "morphs_extra_file": "",
    "shared_morphs_file": "anime_male_morphs.json",
    "shared_morphs_extra_file": "",
    "bounding_boxes_file": "anime_male_bbox.json",
    "proportions_folder": "",
    "expressions_folder": "anime_expressions",
    "joints_base_file": "anime_male_joints.json",
    "joints_offset_file": "",
    "measures_file": "",
    "presets_folder": "anime_male_base",
    "transformations_file": "anime_male_base_transf.json",
    "vertexgroup_base_file": "anime_male_vgroups_base.json",
    "skeleton_base_template_name": "MBLab_skeleton_base_fk",
    "vertexgroup_muscle_file": ""
  },
  "m_an03": {
    "description": "Generate a realistic anime male character",
    "template_model": "MBLab_human_male",
    "name": "m_an03",
    "label": "Realistic anime male (M_AN03) (AGPL3)",
    "texture_albedo": "human_male_albedo.png",
    "texture_bump": "human_male_bump.png",
    "texture_displacement": "human_male_displacement.png",
    "texture_eyes": "eyes_albedo.png",
    "texture_tongue_albedo": "human_male_albedo.png",
    "texture_teeth_albedo": "human_male_teeth.png",
    "texture_nails_albedo": "human_male_nails.png",
    "texture_eyelash_albedo": "human_male_eyelash.png",
    "texture_frecklemask": "human_male_frecklemask.png",
    "texture_blush": "human_male_blush.png",
    "texture_sebum": "human_male_sebum.png",
    "texture_lipmap": "human_male_lipmap.png",
    "texture_thickness": "human_male_thickness.png",
    "texture_iris_color" : "iris_color.png",
    "texture_iris_bump" : "iris_bump.png",
    "texture_sclera_color" : "sclera_color.png",
    "texture_translucent_mask" : "translucent_mask.png",
    "texture_sclera_mask" : "sclera_mask.png",
    "morphs_extra_file": "m_an03_morphs_extra.json",
    "shared_morphs_file": "human_male_morphs.json",
    "shared_morphs_extra_file": "human_male_morphs_extra.json",
    "bounding_boxes_file": "human_male_bbox.json",
    "proportions_folder": "",
    "joints_base_file": "human_male_joints.json",
    "joints_offset_file": "human_male_joints_offset.json",
    "measures_file": "",
    "presets_folder": "human_male_base",
    "transformations_file": "human_male_base_transf.json",
    "vertexgroup_base_file": "human_male_vgroups_base.json",
    "vertexgroup_muscle_file": "human_male_vgroups_muscles.json"
  },
  "f_ft01": {
    "description": "Generate a realistic female elf character",
    "template_model": "MBLab_human_female",
    "name": "f_ft01",
    "label": "Female elf (F_ft01) (AGPL3)",
    "texture_albedo": "human_female_albedo.png",
    "texture_bump": "human_female_bump.png",
    "texture_displacement": "human_female_displacement.png",
    "texture_eyes": "eyes_albedo.png",
    "texture_tongue_albedo": "human_female_albedo.png",
    "texture_teeth_albedo": "human_female_teeth.png",
    "texture_nails_albedo": "human_female_nails.png",
    "texture_eyelash_albedo": "human_female_eyelash.png",
    "texture_frecklemask": "human_female_frecklemask.png",
    "texture_blush": "human_female_blush.png",
    "texture_sebum": "human_female_sebum.png",
    "texture_lipmap": "human_female_lipmap.png",
    "texture_thickness": "human_female_thickness.png",
    "texture_iris_color" : "iris_color.png",
    "texture_iris_bump" : "iris_bump.png",
    "texture_sclera_color" : "sclera_color.png",
    "texture_translucent_mask" : "translucent_mask.png",
    "texture_sclera_mask" : "sclera_mask.png",
    "morphs_extra_file": "f_ft01_morphs_extra.json",
    "shared_morphs_file": "human_female_morphs.json",
    "shared_morphs_extra_file": "human_female_morphs_extra.json",
    "bounding_boxes_file": "human_female_bbox.json",
    "proportions_folder": "",
    "joints_base_file": "human_female_joints.json",
    "joints_offset_file": "human_female_joints_offset.json",
    "measures_file": "",
    "presets_folder": "human_female_base",
    "transformations_file": "human_female_base_transf.json",
    "vertexgroup_base_file": "human_female_vgroups_base.json",
    "vertexgroup_muscle_file": "human_female_vgroups_muscles.json"
  },
  "m_ft01": {
    "description": "Generate a realistic male elf character",
    "template_model": "MBLab_human_male",
    "name": "m_ft01",
    "label": "Male elf (M_ft01) (AGPL3)",
    "texture_albedo": "human_male_albedo.png",
    "texture_bump": "human_male_bump.png",
    "texture_displacement": "human_male_displacement.png",
    "texture_eyes": "eyes_albedo.png",
    "texture_tongue_albedo": "human_male_albedo.png",
    "texture_teeth_albedo": "human_male_teeth.png",
    "texture_nails_albedo": "human_male_nails.png",
    "texture_eyelash_albedo": "human_male_eyelash.png",
    "texture_frecklemask": "human_male_frecklemask.png",
    "texture_blush": "human_male_blush.png",
    "texture_sebum": "human_male_sebum.png",
    "texture_lipmap": "human_male_lipmap.png",
    "texture_thickness": "human_male_thickness.png",
    "texture_iris_color" : "iris_color.png",
    "texture_iris_bump" : "iris_bump.png",
    "texture_sclera_color" : "sclera_color.png",
    "texture_translucent_mask" : "translucent_mask.png",
    "texture_sclera_mask" : "sclera_mask.png",
    "morphs_extra_file": "",
    "shared_morphs_file": "human_male_morphs.json",
    "shared_morphs_extra_file": "human_male_morphs_extra.json",
    "bounding_boxes_file": "human_male_bbox.json",
    "proportions_folder": "",
    "joints_base_file": "human_male_joints.json",
    "joints_offset_file": "human_male_joints_offset.json",
    "measures_file": "",
    "presets_folder": "human_male_base",
    "transformations_file": "human_male_base_transf.json",
    "vertexgroup_base_file": "human_male_vgroups_base.json",
    "vertexgroup_muscle_file": "human_male_vgroups_muscles.json"
  },
  "m_ft02": {
    "description": "Generate a realistic male dwarf character",
    "template_model": "MBLab_human_male",
    "name": "m_ft02",
    "label": "Male dwarf (M_ft02) (AGPL3)",
    "texture_albedo": "human_male_albedo.png",
    "texture_bump": "human_male_bump.png",
    "texture_displacement": "human_male_displacement.png",
    "texture_eyes": "eyes_albedo.png",
    "texture_tongue_albedo": "human_male_albedo.png",
    "texture_teeth_albedo": "human_male_teeth.png",
    "texture_nails_albedo": "human_male_nails.png",
    "texture_eyelash_albedo": "human_male_eyelash.png",
    "texture_frecklemask": "human_male_frecklemask.png",
    "texture_blush": "human_male_blush.png",
    "texture_sebum": "human_male_sebum.png",
    "texture_lipmap": "human_male_lipmap.png",
    "texture_thickness": "human_male_thickness.png",
    "texture_iris_color" : "iris_color.png",
    "texture_iris_bump" : "iris_bump.png",
    "texture_sclera_color" : "sclera_color.png",
    "texture_translucent_mask" : "translucent_mask.png",
    "texture_sclera_mask" : "sclera_mask.png",
    "morphs_extra_file": "m_ft02_morphs_extra.json",
    "shared_morphs_file": "human_male_morphs.json",
    "shared_morphs_extra_file": "human_male_morphs_extra.json",
    "bounding_boxes_file": "human_male_bbox.json",
    "proportions_folder": "",
    "joints_base_file": "human_male_joints.json",
    "joints_offset_file": "human_male_joints_offset.json",
    "measures_file": "",
    "presets_folder": "human_male_base",
    "transformations_file": "human_male_base_transf.json",
    "vertexgroup_base_file": "human_male_vgroups_base.json",
    "vertexgroup_muscle_file": "human_male_vgroups_muscles.json"
  }
}
