{
  "structural": {
    "Chin_Prominence": 0.69,
    "Neck_Mass": 0.41,
    "Hands_PalmLength": 0.71,
    "Nose_BaseSizeX": 0.2,
    "Jaw_Angle": 0.26,
    "Neck_TrapeziousSize": 0.32,
    "Forehead_SizeX": 0.62,
    "Chin_SizeZ": 0.29,
    "Legs_UpperlegsMass": 0.41,
    "Mouth_UpperlipSizeZ": 0.1,
    "Neck_Size": 0.35,
    "Cheeks_Zygom": 0.65,
    "Legs_LowerlegsMass": 0.44,
    "Torso_SizeX": 0.26,
    "Torso_Mass": 0.38,
    "Pelvis_GluteusMass": 0.44,
    "Mouth_LowerlipSizeZ": 0.2,
    "Body_Size": 0.49,
    "Jaw_ScaleX": 0.35,
    "Head_CraniumDolichocephalic": 0.86,
    "Hands_FingersLength": 0.83,
    "Face_Ellipsoid": 0.65,
    "Torso_Vshape": 0.44
  }
}
