{
  "structural": {
    "Neck_Mass": 0.41,
    "Mouth_SizeX": 0.56,
    "Hands_PalmLength": 0.71,
    "Torso_SizeX": 0.35,
    "Legs_UpperlegLength": 0.65,
    "Torso_Vshape": 0.35,
    "Legs_LowerlegLength": 0.62,
    "Torso_Length": 0.35,
    "Jaw_Angle": 0.56,
    "Body_Size": 0.485,
    "Forehead_SizeX": 0.62,
    "Neck_Size": 0.44,
    "Head_CraniumDolichocephalic": 0.86,
    "Cheeks_Mass": 0.59,
    "Hands_FingersLength": 0.83,
    "Face_Ellipsoid": 0.53,
    "Neck_Length": 0.53,
    "Cheeks_Zygom": 0.26
  }
}
