{
  "structural": {
    "Head_SizeZ": 0.44,
    "Torso_Vshape": 0.56,
    "Body_Size": 0.47,
    "Pelvis_GluteusMass": 0.53,
    "Pelvis_GluteusSize": 0.53,
    "Nose_PosY": 0.52,
    "Eyes_TypeAlmond": 0.74,
    "Face_Ellipsoid": 0.41,
    "Mouth_SizeX": 0.54,
    "Ears_LocY": 0.74,
    "Ears_LocZ": 0.38,
    "Jaw_Prominence": 0.57,
    "Nose_Curve": 0.35,
    "Head_CraniumPlatycephalus": 0.64,
    "Ears_SizeZ": 0.48,
    "Mouth_PosY": 0.59,
    "Nose_TipPosZ": 0.59,
    "Chin_Prominence": 0.42,
    "Jaw_ScaleX": 0.57,
    "Head_CraniumDolichocephalic": 0.7,
    "Eyes_InnerPosX": 0.47,
    "Forehead_SizeX": 0.53,
    "Jaw_LocY": 0.57,
    "Eyes_PosX": 0.51,
    "Jaw_Angle": 0.6,
    "Eyebrows_Ridge": 0.56,
    "Forehead_Angle": 0.47
  }
}