{
  "structural": {
    "Torso_Mass": 0.44,
    "Neck_Mass": 0.46,
    "Head_SizeZ": 0.47,
    "Torso_SizeX": 0.38,
    "Hands_PalmLength": 0.61,
    "Neck_TrapeziousSize": 0.41,
    "Hands_FingersLength": 0.67,
    "Neck_Size": 0.43,
    "Legs_LowerlegsMass": 0.47,
    "Legs_UpperlegsMass": 0.46,
    "Body_Size": 0.48,
    "Pelvis_GluteusMass": 0.49,
    "Pelvis_GluteusSize": 0.51,
    "Nose_PosY": 0.51,
    "Eyes_TypeAlmond": 0.62,
    "Face_Ellipsoid": 0.53,
    "Mouth_SizeX": 0.52,
    "Ears_LocY": 0.62,
    "Ears_LocZ": 0.44,
    "Mouth_LowerlipSizeZ": 0.38,
    "Nose_BaseSizeX": 0.35,
    "Jaw_Prominence": 0.54,
    "Nose_Curve": 0.43,
    "Mouth_UpperlipSizeZ": 0.43,
    "Head_CraniumPlatycephalus": 0.57,
    "Ears_SizeZ": 0.49,
    "Mouth_PosY": 0.55,
    "Nose_TipPosZ": 0.55,
    "Chin_Prominence": 0.56,
    "Jaw_ScaleX": 0.46,
    "Head_CraniumDolichocephalic": 0.78,
    "Eyes_InnerPosX": 0.49,
    "Forehead_SizeX": 0.57,
    "Jaw_LocY": 0.54,
    "Eyes_PosX": 0.5,
    "Jaw_Angle": 0.43,
    "Cheeks_Zygom": 0.57,
    "Eyebrows_Ridge": 0.53,
    "Forehead_Angle": 0.49,
    "Chin_SizeZ": 0.4
  }
}