{
  "structural": {
    "Neck_Mass": 0.45,
    "Head_SizeZ": 0.47,
    "Legs_LowerlegLength": 0.56,
    "Torso_SizeX": 0.42,
    "Hands_PalmLength": 0.6,
    "Hands_FingersLength": 0.67,
    "Neck_Size": 0.47,
    "Torso_Vshape": 0.46,
    "Neck_Length": 0.52,
    "Torso_Length": 0.42,
    "Body_Size": 0.48,
    "Legs_UpperlegLength": 0.57,
    "Pelvis_GluteusMass": 0.52,
    "Pelvis_GluteusSize": 0.52,
    "Nose_PosY": 0.51,
    "Eyes_TypeAlmond": 0.62,
    "Face_Ellipsoid": 0.47,
    "Mouth_SizeX": 0.55,
    "Ears_LocY": 0.62,
    "Ears_LocZ": 0.44,
    "Jaw_Prominence": 0.53,
    "Nose_Curve": 0.42,
    "Head_CraniumPlatycephalus": 0.57,
    "Ears_SizeZ": 0.49,
    "Mouth_PosY": 0.54,
    "Nose_TipPosZ": 0.54,
    "Chin_Prominence": 0.46,
    "Cheeks_Mass": 0.54,
    "Jaw_ScaleX": 0.53,
    "Head_CraniumDolichocephalic": 0.78,
    "Eyes_InnerPosX": 0.48,
    "Forehead_SizeX": 0.57,
    "Jaw_LocY": 0.53,
    "Eyes_PosX": 0.51,
    "Jaw_Angle": 0.58,
    "Cheeks_Zygom": 0.38,
    "Eyebrows_Ridge": 0.53,
    "Forehead_Angle": 0.48
  }
}