{
  "metaproperties": {
    "character_mass": 0.0,
    "last_character_mass": 0.0,
    "last_character_tone": 0.0,
    "last_character_age": 0.0,
    "character_age": 0.0,
    "character_tone": 0.0
  },
  "manuellab_vers": [1, 4, 0],
  "structural": {
    "Legs_LowerlegsMass": 0.71,
    "Legs_UpperlegSize": 0.05,
    "Head_SizeX": 0.17,
    "Neck_Size": 1.0,
    "Jaw_Prominence": 0.77,
    "Head_Size": 0.86,
    "Torso_SizeX": 0.89,
    "Eyes_PosX": 0.0,
    "Pelvis_Length": 0.56,
    "Torso_Vshape": 0.8,
    "Feet_Size": 1.0,
    "Legs_LowerlegLength": 0.37,
    "Torso_Length": 0.6,
    "Eyes_SizeZ": 0.0,
    "Arms_ForearmMass": 0.68,
    "Legs_LowerlegSize": 0.62,
    "Legs_UpperlegLength": 0.47,
    "Legs_UpperlegsMass": 0.74,
    "Arms_UpperarmMass": 0.71,
    "Shoulders_Mass": 0.77,
    "Eyebrows_PosZ": 0.0,
    "Pelvis_Size": 0.65,
    "Chin_SizeZ": 1.0
  },
  "proportions": {},
  "materialproperties": {}
}
