{
  "materialproperties": {},
  "metaproperties": {
    "character_mass": 0.0,
    "last_character_mass": 0.0,
    "last_character_tone": 0.0,
    "last_character_age": 0.0,
    "character_age": 0.0,
    "character_tone": 0.0
  },
  "structural": {
    "Eyelashes_Length": 0.65,
    "Legs_UpperlegSize": 0.05,
    "Torso_BreastMass": 0.53,
    "Pelvis_Angle": 0.83,
    "Hands_Size": 0.71,
    "Torso_BreastTone": 0.92,
    "Eyes_OuterPosZ": 0.68,
    "Eyes_SizeZ": 0.17,
    "Torso_SizeX": 0.0,
    "Mouth_SizeX": 0.65,
    "Pelvis_Length": 0.56,
    "Torso_Vshape": 0.8,
    "Feet_Size": 1.0,
    "Legs_LowerlegLength": 1.0,
    "Torso_Length": 0.69,
    "Eyelids_Angle": 0.53,
    "Eyelids_OuterPosZ": 0.86,
    "Legs_LowerlegSize": 0.62,
    "Legs_UpperlegLength": 0.29,
    "Hands_PalmLength": 0.68,
    "Arms_UpperarmMass": 0.62,
    "Torso_Dorsi": 1.0,
    "Hands_FingersLength": 0.56,
    "Pelvis_GluteusTone": 0.26,
    "Mouth_LowerlipSizeZ": 1.0
  },
  "proportions": {},
  "manuellab_vers": [1, 4, 0]
}
