{
  "body_height_Z_parts": [
    "head_height_Z",
    "neck_height_Z",
    "torso_height_Z",
    "buttock_height_Z",
    "upperleg_length",
    "lowerleg_length",
    "feet_height_Z"
  ],
  "measures": {
    "upperleg_length": [11159, 10413],
    "buttock_depth_Y": [10946, 11209],
    "chest_girth": [
      17644,
      3449,
      3444,
      3442,
      17946,
      17938,
      8087,
      8089,
      8094,
      17645,
      17644
    ],
    "wrist_girth": [8330, 8324, 8247, 8332, 11052, 11049, 8334, 7723, 8330],
    "upperarm_axillary_girth": [
      541,
      544,
      17920,
      7855,
      7909,
      17720,
      7865,
      8013,
      7864,
      7867,
      541
    ],
    "neck_girth": [
      320,
      240,
      571,
      132,
      193,
      189,
      190,
      314,
      455,
      454,
      458,
      396,
      574,
      505,
      320
    ],
    "lowerleg_length": [10413, 10272],
    "lowerleg_bottom_girth": [
      10860,
      10261,
      10259,
      10266,
      10264,
      10267,
      10269,
      10256,
      10254,
      10860
    ],
    "head_height_Z": [7803, 7901],
    "feet_length": [9008, 10147],
    "lowerleg_calf_girth": [
      10534,
      10375,
      7216,
      7265,
      7264,
      7277,
      10478,
      10536,
      10534
    ],
    "feet_heel_width": [10141, 10153],
    "torso_height_Z": [11087, 501],
    "upperleg_top_girth": [
      10749,
      10753,
      10752,
      10756,
      10757,
      10760,
      10759,
      10743,
      10744,
      10745,
      10764,
      10763,
      10927,
      10749
    ],
    "shoulders_width": [236, 501],
    "feet_height_Z": [10155, 10272],
    "buttock_width_X": [6196, 10844],
    "waist_girth": [
      6549,
      6452,
      6442,
      6429,
      6359,
      6446,
      11105,
      11016,
      11087,
      11101,
      11112,
      11232,
      6549
    ],
    "elbow_girth": [
      7921,
      7922,
      7962,
      7961,
      8004,
      8032,
      8008,
      8011,
      11077,
      11075,
      11076,
      7921
    ],
    "head_width_X": [2809, 17236],
    "chest_depth_Y": [17946, 17644],
    "upperleg_bottom_girth": [
      10285,
      10871,
      10279,
      10313,
      10615,
      7305,
      10367,
      10306,
      10540,
      10285
    ],
    "forearm_length": [7723, 8004],
    "buttock_height_Z": [11087, 11159],
    "hands_width": [7640, 7733],
    "hands_length": [8332, 8448],
    "upperarm_length": [8004, 501],
    "feet_width": [9245, 9392],
    "body_height_Z": [7901, 10155],
    "neck_height_Z": [7803, 501],
    "head_length": [7758, 7812],
    "buttock_girth": [
      11108,
      6492,
      6343,
      6344,
      6304,
      6295,
      6299,
      10948,
      10944,
      10953,
      10998,
      10997,
      11166,
      11108
    ],
    "chest_width_X": [3164, 7819]
  },
  "relations": [
    ["body_height_Z", "Body_Size"],
    ["torso_height_Z", "Torso_Length"],
    ["chest_width_X", "Chest_SizeX"],
    ["chest_depth_Y", "Chest_SizeY"],
    ["chest_girth", "Chest_Girth"],
    ["neck_girth", "Neck_Size"],
    ["neck_girth", "Neck_Back"],
    ["head_width_X", "Head_SizeX"],
    ["head_length", "Head_SizeY"],
    ["head_height_Z", "Head_SizeZ"],
    ["neck_height_Z", "Neck_Length"],
    ["shoulders_width", "Shoulders_SizeX2"],
    ["shoulders_width", "Shoulders_SizeX"],
    ["buttock_height_Z", "Pelvis_Length"],
    ["buttock_depth_Y", "Pelvis_SizeY"],
    ["buttock_width_X", "Pelvis_SizeX"],
    ["buttock_girth", "Pelvis_Girth"],
    ["waist_girth", "Stomach_LocalFat"],
    ["waist_girth", "Stomach_Volume"],
    ["upperleg_length", "Legs_UpperlegLength"],
    ["lowerleg_length", "Legs_LowerlegLength"],
    ["upperleg_top_girth", "Legs_UpperlegSize"],
    ["upperleg_top_girth", "Legs_UpperThighGirth"],
    ["upperleg_bottom_girth", "Legs_LowerThighGirth"],
    ["lowerleg_calf_girth", "Legs_CalfGirth"],
    ["lowerleg_bottom_girth", "Legs_AnkleSize"],
    ["upperarm_axillary_girth", "Arms_UpperarmGirth"],
    ["upperarm_axillary_girth", "Shoulders_Size"],
    ["upperarm_length", "Arms_UpperarmLength"],
    ["forearm_length", "Arms_ForearmLength"],
    ["elbow_girth", "Elbows_Size"],
    ["wrist_girth", "Wrists_Size"],
    ["feet_width", "Feet_SizeX"],
    ["feet_length", "Feet_SizeY"],
    ["feet_height_Z", "Feet_SizeZ"],
    ["hands_length", "Hands_Length"],
    ["hands_width", "Hands_FingersInterDist"],
    ["feet_heel_width", "Feet_HeelWidth"]
  ],
  "score_weights": {
    "upperleg_length": 1,
    "buttock_depth_Y": 1,
    "buttock_width_X": 1,
    "wrist_girth": 1,
    "upperarm_axillary_girth": 3,
    "lowerleg_length": 1,
    "lowerleg_bottom_girth": 3,
    "head_height_Z": 1,
    "feet_length": 0.5,
    "lowerleg_calf_girth": 3,
    "feet_heel_width": 0.5,
    "torso_height_Z": 1,
    "upperleg_top_girth": 3,
    "shoulders_width": 2,
    "feet_height_Z": 0.5,
    "waist_girth": 3,
    "elbow_girth": 3,
    "head_width_X": 1,
    "chest_depth_Y": 1,
    "neck_girth": 0.5,
    "forearm_length": 1,
    "head_length": 1,
    "buttock_height_Z": 1,
    "hands_length": 0.5,
    "hands_width": 0.5,
    "chest_girth": 3,
    "upperarm_length": 1,
    "feet_width": 0.5,
    "body_height_Z": 1,
    "neck_height_Z": 1,
    "upperleg_bottom_girth": 3,
    "buttock_girth": 3,
    "chest_width_X": 1
  }
}
