{
  "body_height_Z_parts": [
    "head_height_Z",
    "neck_height_Z",
    "torso_height_Z",
    "buttock_height_Z",
    "upperleg_length",
    "lowerleg_length",
    "feet_height_Z"
  ],
  "measures": {
    "upperleg_length": [10457, 11210],
    "buttock_depth_Y": [10992, 11176],
    "buttock_width_X": [6100, 10998],
    "wrist_girth": [11095, 11092, 11090, 8377, 7498, 8373, 8367, 8375, 11095],
    "upperarm_axillary_girth": [
      8023,
      7776,
      7858,
      7811,
      7964,
      7809,
      7808,
      17896,
      7797,
      7801,
      8023
    ],
    "neck_girth": [7739, 18019, 2114, 2747, 2744, 17733, 17736, 17102, 7739],
    "lowerleg_length": [10315, 10457],
    "lowerleg_bottom_girth": [
      10311,
      10310,
      10306,
      10307,
      10308,
      10309,
      10305,
      10303,
      10905,
      10301,
      10300,
      10311
    ],
    "head_height_Z": [7579, 7852],
    "feet_length": [9068, 10190],
    "lowerleg_calf_girth": [
      10512,
      10521,
      7039,
      7040,
      6991,
      10418,
      10451,
      10512
    ],
    "feet_heel_width": [10184, 10196],
    "torso_height_Z": [11230, 17703],
    "upperleg_top_girth": [
      10809,
      10794,
      10797,
      10793,
      10804,
      10803,
      10805,
      10787,
      10788,
      10807,
      10806,
      10809
    ],
    "shoulders_width": [2714, 17703],
    "feet_height_Z": [10198, 10315],
    "waist_girth": [
      11184,
      6297,
      6242,
      6240,
      6134,
      11243,
      11037,
      11148,
      11150,
      11221,
      11184
    ],
    "elbow_girth": [7913, 7873, 7872, 8188, 11117, 7962, 7955, 7956, 7913],
    "head_width_X": [2332, 17320],
    "chest_depth_Y": [8048, 8152],
    "upperleg_bottom_girth": [
      10328,
      10915,
      10322,
      10565,
      10380,
      10658,
      6974,
      6972,
      10650,
      10410,
      10473,
      10328
    ],
    "forearm_length": [7498, 7956],
    "buttock_height_Z": [11230, 11210],
    "hands_width": [7415, 7508],
    "hands_length": [8290, 8491],
    "chest_girth": [
      1719,
      1804,
      3190,
      3216,
      3215,
      3236,
      3260,
      8155,
      8130,
      8106,
      8107,
      8081,
      7686,
      7601,
      1719
    ],
    "upperarm_length": [7956, 17703],
    "feet_width": [9288, 9380],
    "body_height_Z": [7852, 10198],
    "neck_height_Z": [7579, 17703],
    "head_length": [1646, 7533],
    "buttock_girth": [
      10990,
      10992,
      10989,
      10988,
      10996,
      18199,
      11027,
      11041,
      11040,
      11242,
      6314,
      6137,
      6138,
      6126,
      18184,
      6098,
      6090,
      6091,
      6094,
      6092,
      10990
    ],
    "chest_width_X": [3238, 8132]
  },
  "relations": [
    ["body_height_Z", "Body_Size"],
    ["torso_height_Z", "Torso_Length"],
    ["chest_width_X", "Chest_SizeX"],
    ["chest_depth_Y", "Chest_SizeY"],
    ["chest_girth", "Chest_Girth"],
    ["neck_girth", "Neck_Size"],
    ["neck_girth", "Neck_Back"],
    ["head_width_X", "Head_SizeX"],
    ["head_length", "Head_SizeY"],
    ["head_height_Z", "Head_SizeZ"],
    ["neck_height_Z", "Neck_Length"],
    ["shoulders_width", "Shoulders_SizeX"],
    ["buttock_height_Z", "Pelvis_Length"],
    ["buttock_depth_Y", "Pelvis_SizeY"],
    ["buttock_width_X", "Pelvis_SizeX"],
    ["buttock_girth", "Pelvis_Girth"],
    ["waist_girth", "Stomach_LocalFat"],
    ["waist_girth", "Stomach_Volume"],
    ["upperleg_length", "Legs_UpperlegLength"],
    ["lowerleg_length", "Legs_LowerlegLength"],
    ["upperleg_top_girth", "Legs_UpperlegSize"],
    ["upperleg_top_girth", "Legs_UpperThighGirth"],
    ["upperleg_bottom_girth", "Legs_LowerThighGirth"],
    ["lowerleg_calf_girth", "Legs_CalfGirth"],
    ["lowerleg_bottom_girth", "Legs_AnkleSize"],
    ["upperarm_axillary_girth", "Arms_UpperarmGirth"],
    ["upperarm_axillary_girth", "Shoulders_Size"],
    ["upperarm_length", "Arms_UpperarmLength"],
    ["forearm_length", "Arms_ForearmLength"],
    ["elbow_girth", "Elbows_Size"],
    ["wrist_girth", "Wrists_Size"],
    ["feet_width", "Feet_SizeX"],
    ["feet_length", "Feet_SizeY"],
    ["feet_height_Z", "Feet_SizeZ"],
    ["hands_length", "Hands_Length"],
    ["hands_width", "Hands_FingersInterDist"],
    ["feet_heel_width", "Feet_HeelWidth"]
  ],
  "score_weights": {
    "upperleg_length": 1,
    "buttock_depth_Y": 1,
    "buttock_width_X": 1,
    "wrist_girth": 1,
    "upperarm_axillary_girth": 3,
    "lowerleg_length": 1,
    "lowerleg_bottom_girth": 3,
    "head_height_Z": 1,
    "feet_length": 0.5,
    "lowerleg_calf_girth": 3,
    "feet_heel_width": 0.5,
    "torso_height_Z": 1,
    "upperleg_top_girth": 3,
    "shoulders_width": 2,
    "feet_height_Z": 0.5,
    "waist_girth": 3,
    "elbow_girth": 3,
    "head_width_X": 1,
    "chest_depth_Y": 1,
    "neck_girth": 0.5,
    "forearm_length": 1,
    "head_length": 1,
    "buttock_height_Z": 1,
    "hands_length": 0.5,
    "hands_width": 0.5,
    "chest_girth": 3,
    "upperarm_length": 1,
    "feet_width": 0.5,
    "body_height_Z": 1,
    "neck_height_Z": 1,
    "upperleg_bottom_girth": 3,
    "buttock_girth": 3,
    "chest_width_X": 1
  }
}
