{
  "structural": {
    "Mouth_LowerlipSizeZ": 0.38,
    "Head_Size": 0.53,
    "Torso_Length": 0.62,
    "Ears_SizeY": 0.32,
    "Mouth_UpperlipSizeZ": 0.59,
    "Face_Ellipsoid": 0.65,
    "Eyes_OuterPosZ": 0.83,
    "Cheeks_Mass": 0.68,
    "Nose_GlabellaPosZ": 0.35,
    "Forehead_Curve": 0.59,
    "Mouth_SizeX": 0.32,
    "Neck_TrapeziousSize": 0.74,
    "Ears_SizeZ": 0.11,
    "Arms_UpperarmLength": 0.65,
    "Feet_Size": 0.29,
    "Cheeks_Zygom": 0.59,
    "Eyelids_Crease": 1.0,
    "Body_Size": 0.41,
    "Legs_LowerlegLength": 0.35,
    "Mouth_LowerlipVolume": 0.47
  }
}
