{
  "structural": {
    "Arms_UpperarmLength": 0.65,
    "Mouth_SizeX": 0.62,
    "Mouth_UpperlipVolume": 0.56,
    "Torso_Length": 0.62,
    "Mouth_PosZ": 0.41,
    "Face_Triangle": 0.44,
    "Feet_Size": 0.29,
    "Nose_BaseSizeX": 0.74,
    "Legs_LowerlegLength": 0.35,
    "Eyes_OuterPosZ": 0.1,
    "Eyelids_Crease": 0.89,
    "Jaw_Prominence": 0.26,
    "Forehead_Angle": 0.23,
    "Mouth_LowerlipSizeZ": 0.56,
    "Head_Size": 0.59,
    "Nose_BasePosZ": 0.17,
    "Head_SizeX": 0.56,
    "Forehead_SizeZ": 0.56,
    "Eyes_PosX": 0.41,
    "Eyes_Scale": 0.65,
    "Eyes_OuterPosX": 0.5,
    "Body_Size": 0.45,
    "Jaw_Angle": 0.74,
    "Mouth_UpperlipSizeZ": 0.56,
    "Mouth_LowerlipVolume": 0.56,
    "Head_CraniumDolichocephalic": 0.95,
    "Chin_SizeZ": 0.68
  }
}
