{
  "structural": {
    "Mouth_SizeX": 0.59,
    "Mouth_PosY": 0.68,
    "Pelvis_GluteusSize": 0.56,
    "Jaw_Angle": 0.71,
    "Nose_PosY": 0.53,
    "Forehead_SizeX": 0.56,
    "Nose_TipPosZ": 0.68,
    "Nose_Curve": 0.2,
    "Jaw_ScaleX": 0.65,
    "Eyes_TypeAlmond": 0.98,
    "Jaw_Prominence": 0.65,
    "Face_Ellipsoid": 0.32,
    "Pelvis_GluteusMass": 0.55,
    "Forehead_Angle": 0.44,
    "Body_Size": 0.44,
    "Torso_Vshape": 0.62,
    "Head_CraniumDolichocephalic": 0.89,
    "Ears_LocZ": 0.26,
    "Head_SizeZ": 0.38,
    "Eyebrows_Ridge": 0.62,
    "Ears_LocY": 0.98,
    "Ears_SizeZ": 0.47,
    "Jaw_LocY": 0.64
  }
}
